name,selling_price,km_driven,fuel,seller_type,transmission,owner,car_age
Maruti 800 AC,60000,70000,Petrol,Individual,Manual,First Owner,18
Maruti Wagon R LXI Minor,135000,50000,Petrol,Individual,Manual,First Owner,18
Hyundai Verna 1.6 SX,600000,100000,Diesel,Individual,Manual,First Owner,13
Datsun RediGO T Option,250000,46000,Petrol,Individual,Manual,First Owner,8
Honda Amaze VX i-DTEC,450000,141000,Diesel,Individual,Manual,Second Owner,11
Maruti Alto LX BSIII,140000,125000,Petrol,Individual,Manual,First Owner,18
Hyundai Xcent 1.2 Kappa S,550000,25000,Petrol,Individual,Manual,First Owner,9
Tata Indigo Grand Petrol,240000,60000,Petrol,Individual,Manual,Second Owner,11
Hyundai Creta 1.6 VTVT S,850000,25000,Petrol,Individual,Manual,First Owner,10
Maruti Celerio Green VXI,365000,78000,CNG,Individual,Manual,First Owner,8
Chevrolet Sail 1.2 Base,260000,35000,Petrol,Individual,Manual,First Owner,10
Tata Indigo Grand Petrol,250000,100000,Petrol,Individual,Manual,First Owner,11
Toyota Corolla Altis 1.8 VL CVT,1650000,25000,Petrol,Dealer,Automatic,First Owner,7
Maruti Ciaz VXi Plus,585000,24000,Petrol,Dealer,Manual,First Owner,10
Hyundai Venue SX Opt Diesel,1195000,5000,Diesel,Dealer,Manual,First Owner,6
Chevrolet Enjoy TCDi LTZ 7 Seater,390000,33000,Diesel,Individual,Manual,Second Owner,12
Jaguar XF 2.2 Litre Luxury,1964999,28000,Diesel,Dealer,Automatic,First Owner,11
Mercedes-Benz New C-Class 220 CDI AT,1425000,59000,Diesel,Dealer,Automatic,First Owner,12
Maruti Vitara Brezza ZDi Plus AMT,975000,4500,Diesel,Dealer,Automatic,First Owner,7
Audi Q5 2.0 TDI,1190000,175900,Diesel,Dealer,Automatic,First Owner,14
Honda City V MT,930000,14500,Petrol,Dealer,Manual,First Owner,7
Tata Tigor 1.2 Revotron XT,525000,15000,Petrol,Individual,Manual,First Owner,7
Audi A6 2.0 TDI  Design Edition,1735000,50000,Diesel,Dealer,Automatic,First Owner,12
Mercedes-Benz New C-Class C 220 CDI Avantgarde,1375000,33800,Diesel,Dealer,Automatic,Second Owner,13
Skoda Superb Ambition 2.0 TDI CR AT,450000,130400,Diesel,Dealer,Automatic,Second Owner,14
Toyota Corolla Altis G AT,900000,50000,Petrol,Individual,Automatic,First Owner,9
Toyota Innova 2.5 G (Diesel) 7 Seater,1300000,80000,Diesel,Individual,Manual,First Owner,10
Jeep Compass 1.4 Sport Plus BSIV,1400000,10000,Petrol,Individual,Manual,First Owner,6
Mercedes-Benz E-Class E 200 CGI Elegance,850000,119000,Petrol,Dealer,Automatic,First Owner,15
Hyundai i10 Magna 1.1L,229999,60000,Petrol,Individual,Manual,Fourth & Above Owner,11
BMW 3 Series 320d Sport Line,1550000,75800,Diesel,Dealer,Automatic,Second Owner,12
Audi Q7 35 TDI Quattro Premium,1250000,78000,Diesel,Dealer,Automatic,Third Owner,16
Hyundai Elantra CRDi S,625000,40000,Diesel,Individual,Manual,First Owner,13
Mahindra Scorpio 1.99 S10,1050000,50000,Diesel,Individual,Manual,First Owner,11
Honda City i DTEC V,560000,74000,Diesel,Individual,Manual,Second Owner,11
Maruti Wagon R VXI BS IV with ABS,290000,64000,Petrol,Individual,Manual,Second Owner,11
Maruti Wagon R VXI BS IV,275000,60000,Petrol,Individual,Manual,Second Owner,13
Mahindra Scorpio LX,411000,120000,Diesel,Individual,Manual,Second Owner,16
Hyundai Santro Xing GLS,150000,79000,Petrol,Individual,Manual,Third Owner,16
Hyundai Grand i10 1.2 Kappa Asta,500000,15000,Petrol,Individual,Manual,First Owner,6
Maruti Alto LXi,100000,80000,Petrol,Individual,Manual,First Owner,19
Maruti Swift Dzire VDI Optional,725000,18500,Diesel,Dealer,Manual,First Owner,8
Maruti Eeco 5 Seater AC BSIV,401000,10200,Petrol,Dealer,Manual,First Owner,7
Hyundai i20 Sportz 1.4 CRDi,750000,29000,Diesel,Dealer,Manual,First Owner,7
Maruti Omni Maruti Omni MPI STD BSIII 5-STR W/ IMMOBILISER,310000,28000,Petrol,Dealer,Manual,First Owner,7
Maruti Swift ZDi BSIV,665000,46000,Diesel,Dealer,Manual,First Owner,9
Hyundai i20 2015-2017 Sportz Option 1.4 CRDi,465000,70000,Diesel,Dealer,Manual,First Owner,11
Maruti Alto LXi,160000,60000,Petrol,Individual,Manual,Second Owner,13
Mahindra Jeep CL 500 MDI,250000,35000,Diesel,Individual,Manual,Second Owner,29
Honda City i DTEC VX,675000,90000,Diesel,Dealer,Manual,First Owner,11
Maruti Wagon R VXI BS IV,300000,80000,Petrol,Dealer,Manual,First Owner,12
Tata Indica DLS,70000,80000,Diesel,Individual,Manual,First Owner,20
Hyundai EON Magna Plus,240000,73300,Petrol,Dealer,Manual,Second Owner,11
Toyota Etios GD,525000,92000,Diesel,Dealer,Manual,First Owner,11
Maruti Alto LXi,151000,66764,Petrol,Dealer,Manual,Second Owner,16
Maruti Alto LXi,140000,100000,Petrol,Individual,Manual,First Owner,16
Chevrolet Tavera Neo LS B3 - 7(C) seats BSIII,280000,350000,Diesel,Individual,Manual,Second Owner,15
Toyota Corolla Altis Diesel D4DG,350000,230000,Diesel,Individual,Manual,First Owner,14
Mahindra Scorpio 1.99 S6 Plus,570000,60000,Diesel,Individual,Manual,First Owner,8
Hyundai EON Magna Plus,300000,31000,Petrol,Individual,Manual,First Owner,7
Tata Indigo Classic Dicor,100000,39000,Diesel,Individual,Manual,First Owner,18
Toyota Innova 2.5 V Diesel 8-seater,500000,120000,Diesel,Individual,Manual,Third Owner,16
Tata Indica Vista Quadrajet LS,125000,166000,Diesel,Individual,Manual,Fourth & Above Owner,11
Maruti Swift 1.3 VXi,130000,110000,Petrol,Individual,Manual,Third Owner,19
Ford EcoSport 1.5 Diesel Titanium BSIV,925000,35000,Diesel,Individual,Manual,First Owner,8
Maruti Ciaz 1.3 Delta,750000,60000,Diesel,Individual,Manual,First Owner,7
Honda Civic 1.8 V AT,200000,54000,Petrol,Individual,Automatic,Second Owner,18
Hyundai i10 Sportz 1.2,248000,63000,Petrol,Individual,Manual,Second Owner,15
Skoda Rapid 1.5 TDI Elegance,450000,120000,Diesel,Individual,Manual,Second Owner,11
Hyundai Getz GLS,80000,120000,Petrol,Individual,Manual,Third Owner,20
Nissan Terrano XL,650000,76000,Petrol,Individual,Manual,Second Owner,11
Hyundai Grand i10 CRDi Sportz,450000,80000,Diesel,Individual,Manual,First Owner,10
Hyundai Elite i20 Diesel Era,650000,25000,Diesel,Individual,Manual,First Owner,6
Honda Amaze S i-VTEC,495000,11958,Petrol,Dealer,Manual,First Owner,9
Honda Brio S MT,371000,20000,Petrol,Dealer,Manual,First Owner,10
Hyundai Creta 1.6 SX Option,1025000,9000,Petrol,Dealer,Manual,First Owner,8
Mercedes-Benz S-Class S 350d Connoisseurs Edition,8150000,6500,Diesel,Dealer,Automatic,First Owner,8
Mahindra XUV500 W8 2WD,750000,70000,Diesel,Individual,Manual,First Owner,10
Renault Duster 85PS Diesel RxL Optional,600000,120000,Diesel,Individual,Manual,First Owner,12
Hyundai Santro Xing XO,80000,58000,Petrol,Dealer,Manual,Second Owner,18
Mahindra Bolero 2011-2019 SLE,325000,62200,Diesel,Dealer,Manual,First Owner,12
Audi A6 2.0 TDI Premium Plus,1470000,34000,Diesel,Dealer,Automatic,Second Owner,11
Fiat Avventura MULTIJET Emotion,350000,53000,Diesel,Individual,Manual,Second Owner,10
Audi A8 4.2 TDI,2800000,49000,Diesel,Dealer,Automatic,First Owner,12
Datsun RediGO 1.0 S,210000,15000,Petrol,Dealer,Manual,Second Owner,8
Volkswagen Jetta 1.4 TSI Comfortline,450000,50000,Petrol,Individual,Manual,First Owner,12
Audi A4 2.0 TDI 177 Bhp Premium Plus,1150000,53000,Diesel,Dealer,Automatic,First Owner,12
Honda Civic 1.8 V AT,210000,63500,Petrol,Dealer,Automatic,First Owner,16
Mercedes-Benz E-Class Exclusive E 200 BSIV,4500000,9800,Petrol,Dealer,Automatic,First Owner,7
BMW X1 sDrive 20d xLine,2750000,13000,Diesel,Individual,Automatic,First Owner,8
Volvo V40 D3 R Design,1975000,21000,Diesel,Dealer,Automatic,First Owner,7
Maruti SX4 Zxi BSIII,175000,29173,Petrol,Dealer,Manual,First Owner,17
BMW 7 Series 730Ld,2500000,48000,Diesel,Dealer,Automatic,First Owner,13
Mahindra Bolero Power Plus SLX,628000,120000,Diesel,Individual,Manual,First Owner,8
Hyundai Sonata CRDi M/T,600000,100000,Diesel,Individual,Manual,First Owner,15
Nissan Micra Active XV Petrol,399000,30000,Petrol,Individual,Manual,First Owner,8
Mahindra Xylo D4,750000,87000,Diesel,Individual,Manual,First Owner,7
Hyundai Elite i20 Sportz Plus Dual Tone BSIV,750000,15000,Petrol,Individual,Manual,First Owner,6
Renault KWID RXT,315000,16000,Petrol,Individual,Manual,First Owner,8
Mahindra Xylo E4 BS III,600000,60000,Diesel,Individual,Manual,First Owner,13
Maruti Wagon R LXI Minor,100000,60000,Petrol,Individual,Manual,Fourth & Above Owner,15
Maruti SX4 ZXI MT BSIV,250000,110000,Petrol,Individual,Manual,Third Owner,14
Renault KWID RXT,350000,25000,Petrol,Individual,Manual,First Owner,8
Hyundai Creta 1.4 CRDi S,780000,60000,Diesel,Individual,Manual,First Owner,9
Maruti Swift Dzire VDI,434000,79350,Diesel,Individual,Manual,Second Owner,11
Hyundai Verna 1.6 VTVT AT S Option,690000,80000,Petrol,Individual,Automatic,First Owner,9
Mahindra Scorpio LX BSIV,555000,90000,Diesel,Individual,Manual,Second Owner,11
Maruti SX4 Vxi BSIII,120000,90000,Petrol,Individual,Manual,Second Owner,18
Maruti Ertiga VDI,500000,120000,Diesel,Individual,Manual,Second Owner,11
Chevrolet Beat Diesel,165000,60000,Diesel,Individual,Manual,Second Owner,12
Maruti Zen LX,95000,50000,Petrol,Individual,Manual,First Owner,21
Maruti Baleno Delta 1.2,550000,20000,Petrol,Individual,Manual,First Owner,7
Maruti Swift Vdi BSIII,100000,110000,Diesel,Individual,Manual,Fourth & Above Owner,18
Tata Nano Lx BSIV,100000,50000,Petrol,Individual,Manual,Second Owner,13
Toyota Innova 2.5 GX (Diesel) 8 Seater,500000,100000,Diesel,Individual,Manual,First Owner,13
Maruti Ertiga SHVS VDI,800000,70000,Diesel,Individual,Manual,Second Owner,9
Hyundai Creta 1.6 CRDi SX,840000,70000,Diesel,Individual,Manual,Second Owner,9
Honda Amaze S i-Vtech,490000,50000,Petrol,Individual,Manual,First Owner,9
Tata Indica Vista Aqua 1.4 TDI,125000,81000,Diesel,Individual,Manual,Second Owner,15
Chevrolet Tavera Neo 2 LS B4 7 Str BSIII,400000,120000,Diesel,Individual,Manual,Third Owner,13
Chevrolet Cruze LTZ,1000000,3600,Diesel,Dealer,Manual,First Owner,10
Ford Figo Aspire 1.2 Ti-VCT Titanium Plus,530000,14272,Petrol,Dealer,Manual,First Owner,10
Ford EcoSport 1.5 Diesel Titanium Plus BSIV,840000,49213,Diesel,Dealer,Manual,First Owner,8
Hyundai i10 Sportz 1.1L,229999,40000,Petrol,Individual,Manual,First Owner,10
Maruti 800 Std,40000,40000,Petrol,Individual,Manual,Fourth & Above Owner,27
Chevrolet Spark 1.0 LS,130000,80000,Petrol,Individual,Manual,First Owner,13
Hyundai EON Era Plus,200000,70000,Petrol,Individual,Manual,First Owner,10
Tata Indica Vista Aqua TDI BSIII,120000,70000,Diesel,Individual,Manual,First Owner,14
Hyundai Santro LP zipPlus,75000,57000,Petrol,Individual,Manual,First Owner,22
Tata Bolt Quadrajet XE,250000,120000,Diesel,Individual,Manual,First Owner,9
Maruti 800 AC BSIII,100000,30000,Petrol,Individual,Manual,First Owner,20
Hyundai EON Era Plus,280000,3240,Petrol,Individual,Manual,Second Owner,12
Hyundai i20 Magna 1.2,540000,5000,Petrol,Individual,Manual,First Owner,10
Hyundai i20 1.2 Asta,700000,10000,Petrol,Individual,Manual,First Owner,7
Maruti Ciaz VDi Plus,525000,100000,Diesel,Individual,Manual,First Owner,10
Hyundai i20 Asta 1.4 CRDi,430000,80000,Diesel,Individual,Manual,First Owner,9
Hyundai Santro LE,65000,70000,Petrol,Individual,Manual,First Owner,23
Maruti Vitara Brezza VDi,800000,35000,Diesel,Individual,Manual,First Owner,7
Hyundai Santro Xing XL eRLX Euro III,75000,114000,Petrol,Individual,Manual,Second Owner,18
Hyundai Getz 1.3 GLS,210000,53772,Petrol,Individual,Manual,First Owner,17
Mahindra Quanto C8,195000,140000,Diesel,Individual,Manual,Second Owner,13
Chevrolet Tavera Neo 3 LS 7 C BSIII,400000,120000,Diesel,Individual,Manual,First Owner,10
Hyundai EON Magna Plus,170000,60000,Petrol,Individual,Manual,First Owner,13
Renault KWID RXT,225000,25000,Petrol,Individual,Manual,First Owner,9
Maruti Wagon R DUO LPG,210000,90000,LPG,Individual,Manual,First Owner,11
Maruti Wagon R LXI,240000,120000,Petrol,Individual,Manual,First Owner,5
Chevrolet Enjoy 1.3 TCDi LS 8,300000,175000,Diesel,Individual,Manual,First Owner,10
Chevrolet Spark 1.0 LS,99000,100000,Petrol,Individual,Manual,Third Owner,14
Honda City i VTEC SV,620000,36000,Petrol,Individual,Manual,First Owner,11
Honda Amaze VX i-DTEC,500000,30000,Diesel,Individual,Manual,First Owner,12
Jaguar XJ 5.0 L V8 Supercharged,2550000,40000,Petrol,Individual,Automatic,Second Owner,15
Honda Brio E MT,260000,70000,Petrol,Individual,Manual,Second Owner,12
Maruti Swift VVT ZXI,550000,60000,Petrol,Individual,Manual,First Owner,8
Tata Indigo CR4,150000,155500,Diesel,Individual,Manual,First Owner,14
Hyundai i10 Asta AT,350000,50000,Petrol,Individual,Automatic,Second Owner,14
Chevrolet Beat LT,320000,40000,Petrol,Individual,Manual,First Owner,9
Maruti Swift VDI BSIV,400000,100000,Diesel,Individual,Manual,Third Owner,10
Maruti Alto LXi,175000,80000,Petrol,Individual,Manual,Third Owner,13
Chevrolet Beat LT,120000,90000,Petrol,Individual,Manual,Second Owner,14
Renault Duster 110PS Diesel RxZ,320000,90000,Diesel,Individual,Manual,Second Owner,12
Hyundai Santro Xing XG,70000,110000,Petrol,Individual,Manual,Third Owner,19
Maruti Swift Dzire ZXI Plus,810000,15000,Petrol,Individual,Manual,First Owner,6
Maruti 800 AC,95000,100000,Petrol,Individual,Manual,Second Owner,18
Maruti Alto K10 LXI CNG,282000,40000,CNG,Individual,Manual,First Owner,5
Maruti 800 Std BSII,80000,60000,Petrol,Individual,Manual,Second Owner,21
Tata Nano LX SE,72000,25000,Petrol,Individual,Manual,First Owner,12
Hyundai i20 Magna 1.2,600000,25000,Petrol,Individual,Manual,First Owner,9
Skoda Rapid 1.6 MPI Ambition With Alloy Wheel,640000,23000,Petrol,Individual,Manual,First Owner,10
Maruti Alto K10 VXI,380000,22155,Petrol,Individual,Manual,First Owner,7
Maruti Ciaz 1.4 Delta,650000,70000,Petrol,Individual,Manual,First Owner,7
Maruti Alto LX,150000,60000,Petrol,Individual,Manual,Second Owner,16
Hyundai i20 Asta,280000,110000,Petrol,Individual,Manual,Second Owner,16
Tata Nexon 1.2 Revotron XM,430000,30000,Petrol,Individual,Manual,First Owner,7
Mahindra Bolero Power Plus SLX,800000,15000,Diesel,Individual,Manual,First Owner,6
Maruti Zen D,75000,100000,Diesel,Individual,Manual,Second Owner,22
Volkswagen Vento Celeste 1.5 TDI Highline AT,650000,70000,Diesel,Individual,Automatic,First Owner,9
Maruti Eeco 7 Seater Standard BSIV,390000,24000,Petrol,Individual,Manual,First Owner,8
Honda City 1.5 EXI,100000,120000,Petrol,Individual,Manual,Second Owner,20
Mercedes-Benz New C-Class 220 CDI AT,1500000,35000,Diesel,Individual,Automatic,First Owner,12
Maruti SX4 Zxi with Leather BSIII,175000,78380,Petrol,Individual,Manual,First Owner,18
Renault Duster 110PS Diesel RxZ,434999,110000,Diesel,Individual,Manual,Second Owner,13
Ford Figo Diesel Titanium,170000,90000,Diesel,Individual,Manual,Third Owner,15
Ford Figo Diesel Titanium,190000,90000,Diesel,Individual,Manual,Third Owner,14
Maruti Swift Dzire VDi,250000,150000,Diesel,Individual,Manual,Third Owner,16
Mahindra Xylo E4,229999,230000,Diesel,Individual,Manual,Third Owner,16
Maruti Esteem Vxi - BSIII,140000,70000,Petrol,Individual,Manual,Third Owner,19
Maruti Swift VDI BSIV,600000,80362,Diesel,Individual,Manual,First Owner,8
Hyundai i20 1.2 Sportz,280000,110000,Petrol,Individual,Manual,Third Owner,13
Chevrolet Beat Diesel LT,150000,60000,Diesel,Individual,Manual,First Owner,13
Chevrolet Cruze LTZ AT,650000,50000,Diesel,Individual,Automatic,First Owner,10
Nissan Micra XL,210000,40000,Petrol,Individual,Manual,Second Owner,11
BMW 5 Series 520d Luxury Line,2900000,40000,Diesel,Individual,Automatic,First Owner,8
Chevrolet Enjoy 1.3 TCDi LS 8,425000,20000,Diesel,Dealer,Manual,First Owner,12
Hyundai EON Era Plus Option,265000,55000,Petrol,Dealer,Manual,First Owner,11
Fiat Linea T Jet Emotion,890000,1136,Petrol,Dealer,Manual,First Owner,7
Renault Scala RxL,365000,55000,Petrol,Dealer,Manual,First Owner,12
Ford Figo Petrol Titanium,350000,43000,Petrol,Dealer,Manual,First Owner,11
Maruti Ciaz ZDi SHVS,685000,60000,Diesel,Individual,Manual,First Owner,9
Skoda Rapid 1.5 TDI Ambition BSIV,940000,2650,Diesel,Dealer,Manual,First Owner,7
Mahindra XUV500 W6 2WD,1000000,40000,Diesel,Individual,Manual,First Owner,8
Mahindra XUV300 W8 Option,1150000,15000,Petrol,Dealer,Manual,First Owner,6
Maruti Ertiga SHVS ZDI,450000,115962,Diesel,Individual,Manual,Second Owner,9
Nissan Terrano XE D,590000,65000,Diesel,Dealer,Manual,First Owner,10
Maruti S-Cross Facelift,800000,40000,Diesel,Individual,Manual,First Owner,8
Hyundai i20 Magna 1.4 CRDi (Diesel),385000,58000,Diesel,Dealer,Manual,First Owner,13
Mercedes-Benz New C-Class C 220 CDI BE Avantgare,2000000,15000,Diesel,Individual,Automatic,First Owner,12
Hyundai EON Era Plus,235000,54000,Petrol,Dealer,Manual,First Owner,13
Volkswagen Ameo 1.5 TDI Highline,640000,56000,Diesel,Dealer,Manual,First Owner,8
Maruti Alto LX,52000,120000,Petrol,Individual,Manual,Third Owner,19
Maruti Omni LPG CARGO BSIII W IMMOBILISER,80000,90000,LPG,Individual,Manual,Second Owner,16
Maruti Alto LX,140000,70000,Petrol,Individual,Manual,Second Owner,13
Hyundai Verna i (Petrol),120000,90000,Petrol,Individual,Manual,Second Owner,17
Mahindra Renault Logan 1.5 DLS,89999,213000,Diesel,Individual,Manual,First Owner,17
Chevrolet Optra Magnum 2.0 LS BSIII,180000,120000,Diesel,Individual,Manual,First Owner,13
Mahindra Scorpio S11 BSIV,1500000,20000,Diesel,Individual,Manual,First Owner,8
Hyundai i20 Active 1.2 SX,700000,10000,Petrol,Individual,Manual,First Owner,8
Maruti SX4 Celebration Diesel,285000,80000,Diesel,Individual,Manual,Second Owner,13
Hyundai Grand i10 Magna,390000,90000,Petrol,Individual,Manual,First Owner,10
Maruti Alto LXi BSIII,125000,80000,Petrol,Individual,Manual,First Owner,17
Maruti SX4 Zxi with Leather BSIII,225000,60000,Petrol,Individual,Manual,Second Owner,17
Hyundai i10 Era,175000,139000,Petrol,Individual,Manual,Second Owner,14
Toyota Innova 2.5 V Diesel 7-seater,1075000,160000,Diesel,Individual,Manual,Second Owner,14
Honda Mobilio V i DTEC,300000,150000,Diesel,Individual,Manual,First Owner,11
Toyota Innova 2.5 G (Diesel) 7 Seater BS IV,700000,163000,Diesel,Individual,Manual,Fourth & Above Owner,15
Tata Indica V2 2001-2011 DLS BSIII,90000,120000,Diesel,Dealer,Manual,First Owner,16
Tata Indica Vista TDI LS,120000,120000,Diesel,Individual,Manual,Second Owner,14
Chevrolet Beat Diesel LS,220000,100000,Diesel,Individual,Manual,Second Owner,13
Tata Zest Quadrajet 1.3 75PS XE,300000,140000,Diesel,Dealer,Manual,First Owner,10
Skoda Fabia 1.2L Diesel Ambiente,180000,87000,Diesel,Dealer,Manual,Second Owner,15
Maruti 800 Std,170000,70000,Petrol,Individual,Manual,First Owner,12
Ford Figo Petrol Titanium,300000,50000,Petrol,Individual,Manual,Second Owner,10
Toyota Innova 2.5 VX (Diesel) 8 Seater,1050000,70000,Diesel,Individual,Manual,First Owner,11
Hyundai Grand i10 1.2 CRDi Asta,465000,25000,Diesel,Individual,Manual,First Owner,7
Chevrolet Beat Diesel LT,130000,80000,Diesel,Individual,Manual,Second Owner,14
Datsun GO Plus T Option Petrol,434999,10000,Petrol,Individual,Manual,First Owner,7
Hyundai Grand i10 1.2 Kappa Asta,500000,32000,Petrol,Individual,Manual,First Owner,7
Maruti Omni MPI STD BSIV,200000,10000,Petrol,Individual,Manual,First Owner,7
Maruti Baleno Alpha 1.2,625000,52000,Petrol,Dealer,Manual,First Owner,8
Ford Fiesta Classic 1.4 SXI Duratorq,110000,120000,Diesel,Individual,Manual,Third Owner,19
Hyundai Elite i20 Asta Option BSIV,800000,11240,Petrol,Individual,Manual,First Owner,6
Hyundai Grand i10 CRDi Magna,490000,66000,Diesel,Dealer,Manual,First Owner,8
Maruti Ertiga SHVS ZDI,880000,64000,Diesel,Dealer,Manual,First Owner,8
Hyundai Santro Xing GL Plus,290000,49000,Petrol,Individual,Manual,First Owner,12
Tata Sumo GX TC 7 Str BSIII,115999,100000,Diesel,Individual,Manual,Second Owner,19
Renault KWID RXT,360000,26500,Petrol,Individual,Manual,First Owner,7
Maruti 800 AC,65000,100000,Petrol,Individual,Manual,Second Owner,23
Maruti Vitara Brezza LDi Option,685000,72000,Diesel,Dealer,Manual,First Owner,8
Honda Jazz S,300000,50000,Petrol,Individual,Manual,First Owner,16
Hyundai i20 1.4 Sportz,680000,44000,Diesel,Dealer,Manual,First Owner,8
Maruti Ertiga SHVS ZDI Plus,1000000,60000,Diesel,Individual,Manual,Second Owner,8
Tata Sumo SE Plus BSIII,100000,120000,Diesel,Individual,Manual,First Owner,23
Mahindra Xylo E4,160000,130000,Diesel,Individual,Manual,First Owner,15
Maruti Swift ZDi BSIV,450000,70000,Diesel,Individual,Manual,First Owner,8
Maruti Ertiga VXI,600000,20000,Petrol,Individual,Manual,First Owner,11
Hyundai i20 1.4 Magna ABS,180000,60000,Diesel,Individual,Manual,Second Owner,16
Maruti Alto LXi,100000,195000,Petrol,Individual,Manual,First Owner,18
Maruti Alto LXi,120000,90000,Petrol,Individual,Manual,Second Owner,15
Hyundai Getz GL,130000,80000,Petrol,Individual,Manual,Third Owner,19
Maruti Wagon R LX BS IV,160000,155000,Petrol,Individual,Manual,First Owner,14
Mahindra Bolero Power Plus SLX,860000,35000,Diesel,Individual,Manual,First Owner,6
Hyundai i20 1.2 Spotz,650000,20000,Petrol,Individual,Manual,Second Owner,7
Maruti Wagon R LXI Minor,100000,80000,Petrol,Individual,Manual,Second Owner,15
Maruti Alto 800 VXI,282000,20000,Petrol,Individual,Manual,First Owner,8
Hyundai i20 Asta (o),300000,50000,Petrol,Individual,Manual,First Owner,16
Hyundai i20 Asta,270000,110000,Petrol,Individual,Manual,Second Owner,15
Hyundai Verna 1.6 SX CRDi (O),550000,29000,Diesel,Individual,Manual,First Owner,12
Mahindra Xylo D2 BSIV,450000,120000,Diesel,Individual,Manual,First Owner,12
Mahindra Bolero SLX 2WD BSIII,430000,70000,Diesel,Individual,Manual,Second Owner,14
Maruti Ertiga VXI ABS,350000,40000,Petrol,Individual,Manual,First Owner,12
Honda Brio 1.2 E MT,350000,20000,Petrol,Individual,Manual,First Owner,8
Toyota Etios Liva G,229999,50000,Petrol,Individual,Manual,Second Owner,12
Maruti Alto 800 LXI,110000,50000,Petrol,Individual,Manual,First Owner,12
Maruti Swift Dzire 1.2 Vxi BSIV,395000,49000,Petrol,Individual,Manual,Second Owner,13
Mahindra Scorpio VLS AT 2.2 mHAWK,650000,70000,Diesel,Individual,Automatic,Second Owner,14
Mahindra Bolero SLX,350000,90000,Diesel,Individual,Manual,Second Owner,14
Mahindra XUV500 W11 Option AWD,1400000,25000,Diesel,Dealer,Manual,First Owner,5
Tata Tiago 1.2 Revotron XZ,360000,4000,Petrol,Individual,Manual,First Owner,7
Mahindra Marazzo M8 8Str,1300000,10000,Diesel,Individual,Manual,First Owner,7
Renault Duster 110PS Diesel RxL,800000,15000,Diesel,Individual,Manual,First Owner,10
Hyundai EON Magna Plus,229999,30000,Petrol,Individual,Manual,First Owner,7
Maruti Wagon R VXI,315000,41000,Petrol,Dealer,Manual,First Owner,11
Chevrolet Spark 1.0 LT,125000,28000,Petrol,Individual,Manual,First Owner,13
Maruti Baleno Alpha,700000,16000,Petrol,Individual,Manual,First Owner,6
Hyundai EON 1.0 Kappa Magna Plus,160000,70000,Petrol,Individual,Manual,First Owner,10
Ford Figo Aspire 1.2 Ti-VCT Trend,530000,10832,Petrol,Dealer,Manual,First Owner,8
Ford Figo Aspire Facelift,624000,14681,Diesel,Dealer,Manual,First Owner,7
Hyundai i10 Era,250000,50000,Petrol,Individual,Manual,First Owner,16
Mahindra Bolero SLX,585000,51000,Diesel,Dealer,Manual,First Owner,9
Hyundai Verna 1.4 VTVT,500000,25000,Petrol,Individual,Manual,First Owner,10
Chevrolet Sail 1.2 LT ABS,350000,30000,Petrol,Individual,Manual,First Owner,11
Honda City i-DTEC SV,495000,80000,Diesel,Dealer,Manual,First Owner,11
Hyundai Grand i10 1.2 Kappa Asta,500000,50000,Petrol,Individual,Manual,First Owner,8
Mahindra Bolero Power Plus Plus AC BSIV PS,430000,200000,Diesel,Individual,Manual,First Owner,10
Hyundai Grand i10 1.2 Kappa Sportz Option,345000,44000,Petrol,Dealer,Manual,First Owner,12
Maruti Baleno Sigma 1.2,500000,10000,Petrol,Individual,Manual,First Owner,10
Tata Tiago 1.2 Revotron XZ,425000,19600,Petrol,Individual,Manual,First Owner,6
Maruti Wagon R LXI,80000,40000,Petrol,Individual,Manual,Second Owner,20
Chevrolet Beat Diesel LS,106000,50000,Diesel,Individual,Manual,First Owner,14
Maruti A-Star Vxi,180000,46730,Petrol,Individual,Manual,First Owner,16
Datsun GO A,250000,40000,Petrol,Individual,Manual,Second Owner,10
Skoda Yeti Ambition 4WD,350000,80000,Diesel,Individual,Manual,First Owner,14
Maruti Zen LXi BSII,60000,80000,Petrol,Individual,Manual,Second Owner,23
Hyundai Verna CRDi 1.6 EX,900000,24000,Diesel,Individual,Manual,First Owner,7
Ford Aspire Titanium Diesel BSIV,700000,21170,Diesel,Dealer,Manual,First Owner,8
BMW 3 Series 320d Sport,2000000,167223,Diesel,Dealer,Automatic,First Owner,12
Maruti Ertiga SHVS ZDI Plus,1000000,40000,Diesel,Individual,Manual,First Owner,8
BMW X1 sDrive 20d Exclusive,1375000,60000,Diesel,Individual,Automatic,First Owner,14
Toyota Innova Crysta 2.4 VX MT,1800000,141440,Diesel,Dealer,Manual,First Owner,9
Chevrolet Tavera Neo 3 10 Seats BSIV,160000,120000,Diesel,Individual,Manual,Third Owner,18
Mitsubishi Outlander 2.4,525000,140000,Petrol,Individual,Automatic,First Owner,13
Mahindra XUV500 W8 2WD,850000,212814,Diesel,Dealer,Manual,First Owner,13
Maruti Baleno Alpha 1.3,800000,30000,Diesel,Individual,Manual,First Owner,6
Ford Figo Aspire 1.5 TDCi Titanium,700000,88635,Diesel,Dealer,Manual,First Owner,8
Maruti Swift Dzire VDI,800000,25000,Diesel,Individual,Manual,First Owner,7
Hyundai i20 1.2 Spotz,575000,20000,Petrol,Individual,Manual,Second Owner,8
Renault Duster 110PS Diesel RxZ,350000,110000,Diesel,Individual,Manual,Second Owner,13
Maruti Swift Vdi BSIII,250000,120000,Diesel,Individual,Manual,Third Owner,17
Ford Endeavour Titanium 4X2,600000,149674,Diesel,Dealer,Manual,Second Owner,14
Mahindra Scorpio 2.6 Turbo 9 Str,370000,100000,Diesel,Individual,Manual,Third Owner,18
Maruti Baleno Vxi,80000,120000,Petrol,Individual,Manual,Third Owner,19
Tata Indica DLX,50000,120000,Diesel,Individual,Manual,Second Owner,22
Hyundai Verna CRDi 1.6 EX,900000,25000,Diesel,Individual,Manual,First Owner,7
Maruti Wagon R VXI BS IV,300000,35000,Petrol,Individual,Manual,Second Owner,11
Tata Indica LSI,125000,40000,Petrol,Individual,Manual,First Owner,23
Maruti Swift Dzire VDI,490000,60000,Diesel,Individual,Manual,Second Owner,10
Toyota Etios Liva GD,300000,50000,Diesel,Individual,Manual,Second Owner,13
Tata Nano STD,55000,25000,Petrol,Individual,Manual,Fourth & Above Owner,12
Hyundai Grand i10 Sportz,350000,25000,Petrol,Individual,Manual,First Owner,9
Hyundai Grand i10 1.2 CRDi Asta,755000,8000,Diesel,Individual,Manual,First Owner,6
Maruti Ertiga SHVS VDI,720000,60000,Diesel,Individual,Manual,First Owner,8
Mahindra Bolero SLX,229999,200000,Diesel,Individual,Manual,Third Owner,19
Mahindra Scorpio S7 140 BSIV,1100000,20000,Diesel,Individual,Manual,First Owner,7
Volkswagen Polo Petrol Comfortline 1.2L,400000,100000,Petrol,Individual,Manual,First Owner,12
Hyundai Xcent 1.1 CRDi Base,350000,70000,Diesel,Individual,Manual,Second Owner,10
Chevrolet Beat Diesel PS,159000,68000,Diesel,Dealer,Manual,First Owner,13
Maruti Swift ZXi BSIV,550000,38000,Petrol,Dealer,Manual,First Owner,8
Maruti Ritz VDi,335000,80000,Diesel,Dealer,Manual,First Owner,12
Tata Indigo CS Emax CNG GLX,185000,72000,CNG,Dealer,Manual,First Owner,11
Maruti Eeco 5 STR With AC Plus HTR CNG,229999,75000,CNG,Dealer,Manual,First Owner,13
Maruti Estilo LXI,225000,43000,Petrol,Dealer,Manual,First Owner,11
Maruti Swift VXI with ABS,250000,120000,Petrol,Individual,Manual,Second Owner,18
Tata Zest Quadrajet 1.3 XM,400000,100000,Diesel,Individual,Manual,First Owner,10
Maruti Swift VDI BSIV,470000,163000,Diesel,Individual,Manual,First Owner,11
Maruti Alto K10 VXI AGS Optional,300000,25000,Petrol,Individual,Automatic,First Owner,7
Maruti Alto LX,145000,25000,Petrol,Individual,Manual,First Owner,14
Maruti SX4 Vxi BSIII,100000,90000,Petrol,Individual,Manual,Second Owner,18
Mahindra Scorpio SLE BSIV,500000,70000,Diesel,Individual,Manual,Second Owner,11
Hyundai Santro Xing GLS CNG,130000,98000,CNG,Individual,Manual,Second Owner,15
Chevrolet Cruze LTZ,240000,81925,Diesel,Individual,Manual,First Owner,15
Ford Figo Diesel Celebration Edition,150000,80000,Diesel,Individual,Manual,Second Owner,12
Renault KWID RXT Optional,270000,40000,Petrol,Individual,Manual,First Owner,8
Maruti Swift Dzire VDI,400000,90000,Diesel,Individual,Manual,First Owner,11
Hyundai EON Era Plus,200000,46000,Petrol,Individual,Manual,First Owner,13
Mahindra XUV500 W6 2WD,550000,80000,Diesel,Individual,Manual,First Owner,13
Renault KWID 1.0 RXT Optional,325000,35000,Petrol,Individual,Manual,First Owner,7
Skoda Rapid 1.5 TDI AT Style BSIV,860000,82080,Diesel,Individual,Automatic,First Owner,8
Mahindra XUV500 W8 2WD,600000,200000,Diesel,Individual,Manual,First Owner,13
Chevrolet Spark 1.0,125000,70000,Petrol,Individual,Manual,First Owner,16
Maruti 800 AC,60000,40000,Petrol,Individual,Manual,Third Owner,25
Chevrolet Tavera Neo 3 10 Seats BSIV,300000,120000,Diesel,Individual,Manual,Third Owner,15
Ford Fiesta 1.6 ZXi Duratec,190000,60000,Petrol,Individual,Manual,Third Owner,18
Maruti Ertiga VDI,400000,110000,Diesel,Individual,Manual,First Owner,12
Tata Manza Aura Quadrajet BS IV,260000,97000,Diesel,Individual,Manual,Second Owner,14
Maruti Swift VVT VXI,400000,30000,Petrol,Individual,Manual,First Owner,8
Hyundai i20 Sportz Petrol,250000,40000,Petrol,Individual,Manual,First Owner,15
Hyundai Grand i10 1.2 Kappa Asta,600000,10000,Petrol,Individual,Manual,First Owner,6
Maruti Zen Estilo VXI BSIV,175000,52047,Petrol,Individual,Manual,First Owner,15
Toyota Innova 2.5 G (Diesel) 8 Seater BS IV,450000,200000,Diesel,Individual,Manual,Third Owner,14
Tata Tiago 1.2 Revotron XZA,350000,15000,Petrol,Individual,Automatic,Second Owner,6
Maruti Vitara Brezza ZDi,800000,50000,Diesel,Individual,Manual,First Owner,7
Maruti Swift VXI BSIII,250000,70000,Petrol,Individual,Manual,Second Owner,14
Maruti Swift VXI BSIV,600000,10000,Petrol,Individual,Manual,First Owner,6
Maruti Swift VDI BSIV,600000,90000,Diesel,Individual,Manual,First Owner,8
Maruti Alto 800 LXI,130000,40000,Petrol,Individual,Manual,First Owner,9
Maruti Wagon R LXI,90000,62009,Petrol,Individual,Manual,Second Owner,19
Hyundai i20 Active 1.2 S,595000,33100,Petrol,Individual,Manual,Second Owner,8
Hyundai EON Era Plus,190000,40000,Petrol,Individual,Manual,Second Owner,11
Hyundai Santro GLS I - Euro I,50000,120000,Petrol,Individual,Manual,Second Owner,26
Maruti Wagon R LXI Minor,95000,80000,Petrol,Individual,Manual,First Owner,18
Tata Safari Storme VX,1000000,70000,Diesel,Individual,Manual,First Owner,9
Mahindra Scorpio REV 116,220000,220000,Petrol,Individual,Manual,Second Owner,19
Mahindra Bolero SLX,400000,50000,Diesel,Individual,Manual,First Owner,15
Datsun GO Plus A,315000,45000,Petrol,Individual,Manual,Second Owner,10
Toyota Fortuner 4x4 MT,1000000,110000,Diesel,Individual,Manual,First Owner,11
Ford Ecosport 1.5 DV5 MT Titanium,500000,49000,Diesel,Individual,Manual,First Owner,11
Mahindra XUV500 W11 AT BSIV,1600000,35000,Diesel,Individual,Automatic,First Owner,7
Mahindra Supro VX 8 Str,500000,160000,Diesel,Individual,Manual,First Owner,8
Maruti Alto LX,70000,180000,Petrol,Individual,Manual,Third Owner,18
Maruti 800 AC,105000,60000,Petrol,Individual,Manual,Second Owner,18
Ford Endeavour 2.5L 4X2 MT,400000,110000,Diesel,Individual,Manual,Third Owner,17
Maruti Wagon R LXI,80000,60000,Petrol,Individual,Manual,Third Owner,21
Maruti Alto 800 VXI,300000,30000,Petrol,Individual,Manual,First Owner,9
Mahindra KUV 100 D75 K2,409999,40000,Diesel,Individual,Manual,First Owner,8
Maruti Swift Glam,250000,70000,Petrol,Individual,Manual,First Owner,16
Tata New Safari DICOR 2.2 EX 4x2,250000,120000,Diesel,Individual,Manual,Second Owner,15
Maruti Swift Dzire VDI,215000,80000,Diesel,Individual,Manual,Third Owner,13
Toyota Fortuner 4x4 MT,1400000,120000,Diesel,Individual,Manual,First Owner,10
Honda Brio 1.2 VX MT,475000,20000,Petrol,Individual,Manual,First Owner,7
Honda Brio 1.2 VX MT,475000,22000,Petrol,Individual,Manual,First Owner,7
Chevrolet Spark 1.0 LS,75000,35000,Petrol,Individual,Manual,Second Owner,17
Chevrolet Sail Hatchback LS ABS,200000,120000,Diesel,Individual,Manual,Second Owner,12
Tata Tiago NRG Petrol,575000,8000,Petrol,Individual,Manual,First Owner,6
Maruti Ritz VDi,150000,40000,Diesel,Individual,Manual,Second Owner,14
Maruti Vitara Brezza ZDi Plus,850000,10000,Diesel,Individual,Manual,First Owner,7
Hyundai Santro Era,350000,30000,Petrol,Individual,Manual,First Owner,6
Ford Endeavour 2.5L 4X2 MT,550000,54000,Diesel,Individual,Manual,Second Owner,14
Hyundai Verna 1.4 VTVT,330000,80577,Petrol,Individual,Manual,First Owner,8
Honda City i-DTEC V,1044999,25000,Diesel,Individual,Manual,First Owner,8
Hyundai Verna 1.6 CRDI,300000,127500,Diesel,Individual,Manual,Second Owner,14
Hyundai EON D Lite Plus,235000,40903,Petrol,Dealer,Manual,First Owner,10
Ford Figo Petrol Titanium,120000,60000,Petrol,Individual,Manual,Third Owner,14
Maruti Wagon R VXI,130000,46000,Petrol,Individual,Manual,First Owner,21
Ford Endeavour 4x4 XLT,275000,22288,Diesel,Dealer,Manual,Second Owner,21
Volkswagen Jetta 2.0 TDI Trendline,270000,180000,Diesel,Individual,Manual,Second Owner,14
Volkswagen Polo 1.5 TDI Highline,500000,30000,Diesel,Individual,Manual,Second Owner,10
Hyundai Grand i10 Sportz,400000,61690,Petrol,Dealer,Manual,First Owner,10
Hyundai i20 Asta 1.2,600000,64484,Petrol,Dealer,Manual,First Owner,10
Audi Q5 2.0 TDI,1350000,90000,Diesel,Individual,Automatic,Second Owner,13
Renault Duster 85PS Diesel RxE,400000,75976,Diesel,Dealer,Manual,Second Owner,12
Ford Figo Diesel Titanium,220000,70000,Diesel,Individual,Manual,Second Owner,14
Honda Brio E MT,300000,85962,Petrol,Dealer,Manual,Second Owner,13
Maruti Omni E MPI STD BS IV,250000,120000,Petrol,Individual,Manual,First Owner,7
Honda Mobilio V i DTEC,600000,120000,Diesel,Individual,Manual,First Owner,10
Honda Brio S Option AT,285000,75000,Petrol,Individual,Automatic,Second Owner,13
Honda Accord 2.4 MT,350000,57035,Petrol,Dealer,Manual,First Owner,16
Mahindra Bolero SLX,170000,70000,Diesel,Individual,Manual,Third Owner,14
Ford Figo 1.2P Ambiente MT,229999,45000,Petrol,Individual,Manual,First Owner,10
Mahindra XUV500 W6 2WD,500000,72104,Diesel,Dealer,Manual,Second Owner,12
Tata Nano Lx,75000,15000,Petrol,Individual,Manual,First Owner,14
Hyundai i20 Active 1.2 SX,600000,30000,Petrol,Individual,Manual,First Owner,9
Tata Indigo LS Dicor,220000,80000,Diesel,Individual,Manual,First Owner,14
Tata Indica Vista Terra 1.4 TDI,150000,164000,Diesel,Individual,Manual,Second Owner,16
Maruti Alto LX,65000,124439,Petrol,Individual,Manual,Second Owner,19
Maruti Zen VXI,120000,77000,Petrol,Individual,Manual,Second Owner,19
Maruti Swift Dzire VDI,240000,90000,Diesel,Individual,Manual,First Owner,11
Renault KWID 1.0 RXT Optional,390000,30000,Petrol,Individual,Manual,First Owner,8
Chevrolet Beat LS,180000,50000,Petrol,Individual,Manual,First Owner,13
Maruti Swift VDI,320000,80000,Diesel,Individual,Manual,Second Owner,13
Maruti Alto 800 LXI,310000,5000,Petrol,Individual,Manual,First Owner,7
Maruti Wagon R AMT VXI,420000,24000,Petrol,Individual,Automatic,First Owner,7
Tata Tiago NRG Petrol,550000,10000,Petrol,Individual,Manual,First Owner,6
Maruti Ertiga SHVS VDI,550000,78000,Diesel,Individual,Manual,Third Owner,9
Mahindra TUV 300 T4 Plus,760000,50000,Diesel,Individual,Manual,First Owner,7
Maruti 800 AC BSII,43000,100000,Petrol,Individual,Manual,Second Owner,24
Maruti Omni MPI STD BSIV,250000,20000,Petrol,Individual,Manual,First Owner,7
Hyundai Santro Magna BSIV,500000,1250,Petrol,Individual,Manual,First Owner,6
Tata Zest Revotron 1.2 XT,380000,17152,Petrol,Individual,Manual,First Owner,10
Mahindra XUV500 W11 Option AT AWD,1850000,5000,Diesel,Individual,Automatic,First Owner,6
Volkswagen Polo Diesel Trendline 1.2L,350000,77000,Diesel,Individual,Manual,First Owner,13
Hyundai Verna CRDi,195000,90000,Diesel,Individual,Manual,Second Owner,17
Chevrolet Beat LS,225000,80000,Petrol,Individual,Manual,Second Owner,14
Toyota Innova 2.5 G (Diesel) 7 Seater,1125000,65000,Diesel,Individual,Manual,First Owner,10
Tata Indica Vista Quadrajet LX,133000,80000,Diesel,Individual,Manual,First Owner,14
Hyundai EON Era Plus,200000,24005,Petrol,Individual,Manual,First Owner,12
Maruti Vitara Brezza ZDi Plus,940000,20000,Diesel,Individual,Manual,First Owner,7
Renault Duster 85PS Diesel RxL,400000,120000,Diesel,Individual,Manual,First Owner,11
Hyundai i10 Era 1.1,120000,120000,Petrol,Individual,Manual,Second Owner,16
Maruti Swift Dzire ZDI,625000,80000,Diesel,Individual,Manual,First Owner,10
Maruti Swift 1.3 VXi,110000,80000,Petrol,Individual,Manual,First Owner,20
Renault Duster 110PS Diesel RxZ,490000,100000,Diesel,Individual,Manual,First Owner,13
Maruti Alto LX,140000,120000,Petrol,Individual,Manual,Second Owner,16
Ford Figo Diesel ZXI,175000,149000,Diesel,Individual,Manual,Second Owner,14
Maruti Wagon R LXI BSIII,90000,65000,Petrol,Individual,Manual,Second Owner,20
Maruti Swift Ldi BSIV,275000,100000,Diesel,Individual,Manual,Second Owner,16
Volkswagen Vento Diesel Highline,300000,65000,Diesel,Individual,Manual,Second Owner,14
Datsun GO Plus T Option BSIV,270000,19000,Petrol,Individual,Manual,Second Owner,7
Chevrolet Beat LT,130000,80000,Petrol,Individual,Manual,Second Owner,15
Maruti Alto K10 VXI Airbag,275000,30000,Petrol,Individual,Manual,First Owner,10
Maruti Swift VDI,352000,109000,Diesel,Individual,Manual,First Owner,13
Hyundai EON LPG Magna Plus,180000,90000,LPG,Individual,Manual,First Owner,13
Maruti Alto LX,150000,90000,Petrol,Individual,Manual,First Owner,13
Maruti Swift Vdi BSIII,300000,110000,Diesel,Individual,Manual,Second Owner,15
Mahindra Bolero DI DX 7 Seater,225000,120000,Diesel,Individual,Manual,First Owner,18
Honda Mobilio V i DTEC,600000,44000,Diesel,Individual,Manual,First Owner,11
Maruti Ertiga BSIV ZXI,500000,80000,Petrol,Individual,Manual,First Owner,10
Honda BR-V i-VTEC S MT,900000,5000,Petrol,Individual,Manual,First Owner,7
Hyundai i20 Magna 1.2,600000,61000,Petrol,Individual,Manual,First Owner,9
Toyota Etios VD,450000,100000,Diesel,Individual,Manual,Second Owner,14
Hyundai i10 Era 1.1,270000,27633,Petrol,Individual,Manual,First Owner,16
Maruti Swift Vdi BSIII,310000,100000,Diesel,Individual,Manual,Third Owner,15
Hyundai Santro Xing GLS Audio LPG,250000,100000,LPG,Individual,Manual,First Owner,13
Ford Figo 1.2P Titanium MT,700000,12586,Petrol,Dealer,Manual,First Owner,6
Fiat Avventura Urban Cross 1.3 Multijet Emotion,650000,38083,Diesel,Dealer,Manual,First Owner,7
Ford Figo Diesel ZXI,400000,55328,Diesel,Dealer,Manual,First Owner,13
Ford Figo Diesel Titanium,425000,81632,Diesel,Dealer,Manual,First Owner,13
Ford Aspire Titanium Diesel BSIV,600000,155201,Diesel,Dealer,Manual,First Owner,9
Ford EcoSport 1.5 TDCi Titanium BSIV,600000,93283,Diesel,Dealer,Manual,First Owner,12
Maruti Swift Ldi BSIII,300000,217871,Diesel,Dealer,Manual,First Owner,16
Ford Fiesta Classic 1.4 Duratorq CLXI,450000,90165,Diesel,Dealer,Manual,First Owner,13
Ford Ecosport 1.5 DV5 MT Titanium,750000,101504,Diesel,Dealer,Manual,First Owner,11
Ford Figo Titanium Diesel BSIV,325000,86017,Diesel,Dealer,Manual,Second Owner,15
Mahindra XUV500 W8 2WD,900000,85036,Diesel,Dealer,Manual,Second Owner,12
Ford Ikon 1.3L Rocam Flair,180000,91086,Petrol,Dealer,Manual,Second Owner,19
Fiat Punto 1.3 Emotion,350000,160254,Diesel,Dealer,Manual,Second Owner,12
Ford EcoSport 1.5 TDCi Titanium BSIV,600000,125531,Diesel,Dealer,Manual,Second Owner,12
Honda WR-V i-DTEC V,900000,60000,Diesel,Individual,Manual,First Owner,6
Skoda Laura L n K 1.9 PD,350000,100000,Diesel,Individual,Manual,First Owner,19
Maruti Ritz LDi,280000,90000,Diesel,Individual,Manual,Third Owner,12
Mahindra Xylo D2,225000,120000,Diesel,Individual,Manual,Second Owner,16
Honda City i DTEC S,520000,82000,Diesel,Individual,Manual,First Owner,11
Mahindra Scorpio 1.99 S4,509999,60000,Diesel,Individual,Manual,First Owner,9
Maruti Baleno Alpha 1.2,556000,24000,Petrol,Individual,Manual,First Owner,6
Tata Indigo Grand Dicor,225000,120000,Diesel,Individual,Manual,First Owner,11
Honda Amaze EX i-Dtech,325000,65000,Diesel,Dealer,Manual,First Owner,12
Maruti Swift VDI,365000,65000,Diesel,Dealer,Manual,First Owner,12
Hyundai Creta 1.6 CRDi SX Plus,850000,84000,Diesel,Dealer,Manual,First Owner,10
Toyota Etios GD SP,350000,75000,Diesel,Dealer,Manual,First Owner,12
Maruti Swift VDI,225000,50000,Diesel,Dealer,Manual,First Owner,18
Maruti Alto LX,135000,50000,Petrol,Individual,Manual,First Owner,14
Maruti Wagon R LXI Minor,140000,49000,Petrol,Dealer,Manual,First Owner,18
Maruti SX4 S Cross DDiS 320 Delta,665000,560000,Diesel,Dealer,Manual,First Owner,9
Renault KWID RXT,275000,14365,Petrol,Dealer,Manual,First Owner,10
Toyota Fortuner 2.8 4WD AT BSIV,2750000,41000,Diesel,Individual,Automatic,First Owner,8
Hyundai Verna 1.6 SX,484999,65000,Diesel,Dealer,Manual,First Owner,12
Maruti Ciaz VDi Option SHVS,565000,65000,Diesel,Dealer,Manual,First Owner,10
Maruti Swift Dzire VDI,425000,61083,Diesel,Dealer,Manual,First Owner,12
Toyota Innova 2.5 VX (Diesel) 8 Seater,925000,75000,Diesel,Individual,Manual,First Owner,12
Mahindra Scorpio VLX 2WD AIRBAG SE BSIV,565000,72000,Diesel,Dealer,Manual,First Owner,13
Renault Duster 110PS Diesel RxL,525000,65000,Diesel,Dealer,Manual,First Owner,11
Hyundai Tucson 2.0 e-VGT 2WD MT,1650000,55000,Diesel,Dealer,Manual,First Owner,8
Hyundai EON Era Plus,295000,21000,Petrol,Dealer,Manual,Second Owner,10
Jaguar XF 5.0 Litre V8 Petrol,2050000,66363,Petrol,Dealer,Automatic,Second Owner,13
Hyundai Creta 1.6 VTVT AT SX Plus,1475000,11700,Petrol,Dealer,Automatic,First Owner,7
Hyundai Verna VTVT 1.6 AT SX Option,1100000,10000,Petrol,Individual,Automatic,First Owner,8
Mercedes-Benz GL-Class 350 CDI Blue Efficiency,4400000,100000,Diesel,Individual,Automatic,Second Owner,11
Maruti Swift ZXI BSIV,670000,7104,Petrol,Trustmark Dealer,Manual,First Owner,9
Maruti S-Cross Zeta DDiS 200 SH,750000,45974,Diesel,Trustmark Dealer,Manual,First Owner,10
Hyundai Verna 1.6 VTVT SX,760000,55340,Petrol,Trustmark Dealer,Manual,First Owner,10
Volkswagen Polo GTI,850000,20000,Petrol,Dealer,Automatic,Second Owner,8
Renault Pulse RxL,390000,61585,Diesel,Trustmark Dealer,Manual,First Owner,10
Maruti Celerio VXI AMT BSIV,450000,39415,Petrol,Trustmark Dealer,Automatic,Second Owner,9
Honda Brio V MT,425000,29654,Petrol,Trustmark Dealer,Manual,First Owner,11
Maruti Baleno Alpha 1.3,770000,64672,Diesel,Trustmark Dealer,Manual,First Owner,9
Hyundai Creta 1.6 SX Automatic Diesel,1150000,54634,Diesel,Trustmark Dealer,Automatic,Second Owner,10
Honda City i VTEC V,775000,66521,Petrol,Trustmark Dealer,Manual,First Owner,10
Toyota Innova Crysta 2.4 GX AT,1725000,23974,Diesel,Dealer,Automatic,Second Owner,7
BMW 3 Series 320d Luxury Line,2150000,43000,Diesel,Dealer,Automatic,First Owner,9
Renault Duster 85PS Diesel RxL,450000,1000,Diesel,Dealer,Manual,Second Owner,12
Mercedes-Benz C-Class Progressive C 220d,3800000,10000,Diesel,Dealer,Automatic,First Owner,7
Audi A4 3.0 TDI Quattro,1580000,86000,Diesel,Dealer,Automatic,First Owner,12
BMW X5 xDrive 30d xLine,4950000,30000,Diesel,Dealer,Automatic,First Owner,6
Hyundai Creta 1.6 CRDi SX,535000,52600,Diesel,Individual,Manual,First Owner,9
Maruti SX4 Vxi BSIV,225000,110000,Petrol,Individual,Manual,Second Owner,13
Hyundai Grand i10 1.2 Kappa Magna AT,550000,19890,Petrol,Dealer,Automatic,First Owner,8
Maruti Ertiga VXI,625000,11918,Petrol,Trustmark Dealer,Manual,First Owner,10
Hyundai Grand i10 Magna AT,520000,10510,Petrol,Dealer,Automatic,First Owner,8
Chevrolet Beat LT Option,239000,41000,Petrol,Dealer,Manual,First Owner,9
Toyota Fortuner 4x2 AT,2600000,47162,Diesel,Trustmark Dealer,Automatic,First Owner,8
Hyundai i10 Magna,229999,49824,Petrol,Dealer,Manual,First Owner,13
Audi A6 2.0 TDI Premium Plus,1300000,58500,Diesel,Dealer,Automatic,First Owner,12
Hyundai Santro GS,80000,56580,Petrol,Dealer,Manual,First Owner,20
Skoda Laura Ambiente 2.0 TDI CR MT,385000,52000,Diesel,Dealer,Manual,First Owner,13
Maruti Swift Dzire VDI,600000,46507,Diesel,Trustmark Dealer,Manual,First Owner,8
Hyundai i20 Sportz 1.2,350000,50000,Petrol,Individual,Manual,Second Owner,12
Maruti Alto 800 LXI,114999,30000,Petrol,Individual,Manual,First Owner,11
Hyundai i20 Sportz 1.2,380000,50000,Petrol,Individual,Manual,Second Owner,12
Maruti Gypsy E MG410W ST,95000,100000,Petrol,Individual,Manual,Second Owner,30
Mahindra Scorpio 1.99 S6 Plus,900000,35000,Diesel,Individual,Manual,First Owner,9
Chevrolet Beat LT,200999,90000,Petrol,Individual,Manual,Second Owner,13
Maruti Omni E MPI STD BS IV,229999,11451,Petrol,Individual,Manual,First Owner,11
Tata Nexon 1.5 Revotorq XZ,800000,60000,Diesel,Individual,Manual,First Owner,6
Mahindra Verito 1.5 D4 BSIV,150000,172000,Diesel,Individual,Manual,Second Owner,13
Maruti Swift VDI,600000,60000,Diesel,Individual,Manual,First Owner,7
Chevrolet Tavera LS B3 7 Seats BSII,150000,150000,Diesel,Individual,Manual,First Owner,20
Chevrolet Optra Magnum 2.0 LS,150000,66000,Diesel,Individual,Manual,First Owner,16
Maruti Eeco 5 Seater Standard BSIV,380000,5000,Petrol,Individual,Manual,First Owner,6
Maruti Swift 1.3 VXi,80000,66508,Petrol,Individual,Manual,Second Owner,19
Honda Civic 1.8 MT Sport,225000,55000,Petrol,Individual,Manual,Second Owner,18
Tata Nano Lx BSIV,75000,29900,Petrol,Individual,Manual,First Owner,13
Tata Hexa XT 4X4,1600000,3000,Diesel,Individual,Manual,First Owner,8
Tata Indica Vista Quadrajet VX,185000,85000,Diesel,Individual,Manual,First Owner,13
Mahindra Scorpio 2.6 CRDe SLE,425000,50000,Diesel,Individual,Manual,First Owner,14
Tata Indica Vista Aqua 1.4 TDI,100000,120000,Diesel,Individual,Manual,Second Owner,15
Maruti Zen Estilo LXI BSIII,140000,90000,Petrol,Individual,Manual,Third Owner,17
Maruti Swift Dzire AMT ZXI Plus BS IV,710000,8000,Petrol,Individual,Automatic,First Owner,8
Honda Amaze S AT i-Vtech,450000,7900,Petrol,Individual,Automatic,First Owner,10
Datsun RediGO T Option,210000,50000,Petrol,Individual,Manual,First Owner,8
Maruti Alto K10 VXI,270000,25000,Petrol,Individual,Manual,First Owner,9
Maruti Alto LXi,110000,20000,Petrol,Individual,Manual,First Owner,16
Maruti Swift VXI,540000,17500,Petrol,Individual,Manual,First Owner,7
Mahindra Renault Logan 1.4 GLX Petrol,145000,25000,Petrol,Individual,Manual,First Owner,17
Tata Safari Storme VX,360000,206500,Diesel,Individual,Manual,First Owner,12
Hyundai i10 Magna LPG,250000,88600,LPG,Individual,Manual,First Owner,12
Tata Venture EX,110000,80000,Diesel,Individual,Manual,First Owner,13
Chevrolet Captiva LT,250000,100000,Diesel,Individual,Manual,Fourth & Above Owner,17
Ford Fiesta Classic 1.4 Duratorq CLXI,150000,186000,Diesel,Individual,Manual,Second Owner,14
Chevrolet Aveo U-VA 1.2 LS,140000,60000,Petrol,Individual,Manual,First Owner,15
Maruti Ciaz Zeta BSIV,925000,11000,Petrol,Individual,Manual,First Owner,6
Tata Hexa XM,969999,30000,Diesel,Individual,Manual,First Owner,8
Hyundai Santro Xing GL PLUS CNG,90000,80000,CNG,Individual,Manual,Third Owner,18
Hyundai Santro GLS I - Euro I,55000,60000,Petrol,Individual,Manual,Third Owner,24
Hyundai Verna CRDi,155000,100000,Diesel,Individual,Manual,Fourth & Above Owner,18
Mahindra Thar CRDe ABS,900000,15000,Diesel,Individual,Manual,First Owner,6
Maruti Alto K10 2010-2014 VXI,135000,90000,Petrol,Individual,Manual,First Owner,14
Maruti 800 AC,180000,120000,Petrol,Individual,Manual,First Owner,13
Hyundai Verna 1.6 SX,495000,100000,Diesel,Individual,Manual,Second Owner,12
Toyota Innova 2.5 V Diesel 8-seater,400000,138000,Diesel,Individual,Manual,Third Owner,16
Hyundai Verna CRDi,250000,110000,Diesel,Individual,Manual,Second Owner,17
Maruti Alto K10 LXI,138000,120000,Petrol,Individual,Manual,Fourth & Above Owner,10
Honda City 1.5 V AT,311000,70000,Petrol,Individual,Automatic,Second Owner,14
Maruti Alto 800 VXI,190000,70000,Petrol,Individual,Manual,First Owner,10
Mahindra Bolero SLX,311000,140000,Diesel,Individual,Manual,First Owner,14
Maruti Ritz LXI,300000,15000,Petrol,Individual,Manual,First Owner,16
Honda Jazz VX,600000,20000,Petrol,Individual,Manual,First Owner,7
Mahindra Scorpio SLE BSIII,550000,100000,Diesel,Individual,Manual,First Owner,16
Skoda Rapid 1.6 MPI AT Elegance Plus,600000,70000,Petrol,Individual,Automatic,First Owner,10
Maruti Alto 800 VXI,195000,5000,Petrol,Individual,Manual,First Owner,7
Tata Nano LX,58000,27974,Petrol,Individual,Manual,First Owner,12
Maruti Alto 800 VXI,183000,40000,Petrol,Individual,Manual,First Owner,7
Maruti Zen Estilo 1.1 VXI BSIII,95000,80000,Petrol,Individual,Manual,First Owner,18
Maruti Wagon R LX Minor,250000,38000,Petrol,Individual,Manual,First Owner,12
Tata Zest Revotron 1.2 XT,400000,35000,Petrol,Individual,Manual,First Owner,11
Hyundai Verna 1.6 SX CRDi (O),409999,60000,Diesel,Individual,Manual,Second Owner,13
Skoda Octavia Classic 1.9 TDI MT,120000,120000,Diesel,Individual,Manual,Second Owner,21
Maruti Swift AMT VXI,600000,18000,Petrol,Individual,Automatic,First Owner,7
Honda Amaze SX i-VTEC,600000,10000,Petrol,Individual,Manual,First Owner,9
Mahindra XUV500 W6 2WD,825000,90000,Diesel,Individual,Manual,Third Owner,10
Toyota Etios GD,625000,80000,Diesel,Individual,Manual,Second Owner,9
Hyundai Grand i10 Nios Magna CRDi,700000,1400,Diesel,Individual,Manual,First Owner,5
Chevrolet Beat LS,160000,60000,Petrol,Individual,Manual,First Owner,14
Maruti Alto LX,114999,60000,Petrol,Individual,Manual,Third Owner,14
Maruti Wagon R LXI Minor,150000,53000,Petrol,Individual,Manual,First Owner,16
Volkswagen Jetta 1.9 L TDI,250000,100000,Diesel,Dealer,Manual,First Owner,15
Hyundai Verna 1.6 SX,390000,86000,Diesel,Dealer,Manual,Second Owner,13
Renault Duster 85PS Diesel RxL,650000,100000,Diesel,Individual,Manual,First Owner,10
Hyundai Xcent 1.1 CRDi SX Option,600000,30000,Diesel,Individual,Manual,First Owner,9
Hyundai i20 1.2 Sportz,250000,120000,Petrol,Individual,Manual,First Owner,14
Hyundai Santro Xing GL Plus LPG,229999,60000,LPG,Individual,Manual,Second Owner,14
Maruti Ritz LDi,299000,50000,Diesel,Individual,Manual,Second Owner,9
Chevrolet Cruze LTZ,330000,124000,Diesel,Individual,Manual,Second Owner,15
Hyundai Accent Executive,180000,100000,Petrol,Individual,Manual,Third Owner,13
Hyundai Grand i10 1.2 Kappa Asta,475000,42000,Petrol,Individual,Manual,First Owner,8
Hyundai Grand i10 CRDi Sportz,325000,100000,Diesel,Individual,Manual,First Owner,10
Honda City i VTEC V,639000,28205,Petrol,Dealer,Manual,First Owner,9
Maruti Celerio VXI AT,415000,32670,Petrol,Dealer,Automatic,First Owner,8
Hyundai Creta 1.6 CRDi AT SX Plus,1199000,30093,Diesel,Dealer,Automatic,First Owner,9
Maruti Ertiga VXI CNG,525000,56228,CNG,Dealer,Manual,First Owner,12
Hyundai Verna 1.6 SX VTVT,425000,59319,Petrol,Dealer,Manual,First Owner,12
Maruti Vitara Brezza VDi,699000,39503,Diesel,Dealer,Manual,First Owner,9
Hyundai Grand i10 1.2 Kappa Sportz Dual Tone,325000,35299,Petrol,Dealer,Manual,First Owner,12
Toyota Etios V,275000,51687,Petrol,Dealer,Manual,First Owner,14
Volkswagen Vento Petrol Highline AT,269000,76259,Petrol,Dealer,Automatic,First Owner,14
Volkswagen Polo Diesel Highline 1.2L,399000,44049,Diesel,Dealer,Manual,First Owner,12
Mahindra KUV 100 mFALCON D75 K8,475000,45087,Diesel,Dealer,Manual,First Owner,8
Toyota Etios V,249000,41125,Petrol,Dealer,Manual,First Owner,14
Audi A4 New  2.0 TDI Multitronic,1549000,42215,Diesel,Dealer,Automatic,First Owner,11
Volkswagen Polo Petrol Highline 1.2L,254999,54206,Petrol,Dealer,Manual,First Owner,14
Skoda Rapid 1.6 MPI Active,269000,52547,Petrol,Dealer,Manual,First Owner,13
Maruti Ertiga ZDI,665000,59110,Diesel,Dealer,Manual,First Owner,11
Maruti Wagon R Stingray LXI,299000,54565,Petrol,Dealer,Manual,First Owner,11
Hyundai i20 Asta,265000,47564,Petrol,Dealer,Manual,Second Owner,15
Volkswagen Polo Petrol Highline 1.2L,211000,45143,Petrol,Dealer,Manual,Second Owner,15
Skoda Superb 1.8 TSI,599000,61624,Petrol,Dealer,Automatic,Second Owner,12
Tata Indigo LS,55000,195000,Diesel,Individual,Manual,Third Owner,18
Hyundai Verna 1.6 SX CRDi (O),550000,50000,Diesel,Individual,Manual,First Owner,11
Land Rover Discovery Sport TD4 HSE 7S,4000000,68000,Diesel,Individual,Automatic,First Owner,7
Tata Sumo GX TC 8 Str,220000,120000,Diesel,Individual,Manual,Second Owner,15
Maruti Swift VXI,500000,20000,Petrol,Individual,Manual,First Owner,6
Maruti Alto LXi,140000,30000,Petrol,Individual,Manual,First Owner,15
Maruti Swift VDI,325000,60000,Diesel,Individual,Manual,First Owner,12
Hyundai i20 Magna,210000,90000,Petrol,Individual,Manual,Third Owner,15
Maruti Alto LXi,110000,90000,Petrol,Individual,Manual,Second Owner,17
Hyundai Verna CRDi 1.6 SX Option,1200000,25000,Diesel,Individual,Manual,First Owner,6
Maruti Alto 800 VXI,229999,40000,Petrol,Individual,Manual,First Owner,8
Maruti Alto 800 LXI,165000,132000,Petrol,Individual,Manual,First Owner,19
Tata Tiago XZA AMT,525000,10980,Petrol,Dealer,Automatic,First Owner,7
Hyundai EON Era Plus,325000,20629,Petrol,Dealer,Manual,First Owner,7
Toyota Innova Crysta 2.4 VX MT BSIV,1500000,50000,Diesel,Individual,Manual,First Owner,7
Hyundai Grand i10 AT Asta,400000,30000,Petrol,Individual,Automatic,First Owner,10
Maruti Ciaz VXi,550000,69782,Petrol,Dealer,Manual,First Owner,10
Maruti 800 Std,98000,54000,Petrol,Individual,Manual,First Owner,22
Mahindra XUV500 W8 4WD,900000,63654,Diesel,Dealer,Manual,First Owner,12
Renault Lodgy 85PS RxL,700000,60000,Diesel,Individual,Manual,First Owner,8
Mahindra Scorpio S6 Plus 7 Seater,890000,52000,Diesel,Dealer,Manual,First Owner,10
Maruti Swift LDI BSIV,490000,59385,Diesel,Dealer,Manual,First Owner,10
Hyundai i20 2015-2017 Magna 1.2,525000,70378,Petrol,Dealer,Manual,First Owner,10
Maruti Wagon R LXI BS IV,330000,55425,Petrol,Dealer,Manual,First Owner,12
Mahindra Bolero 2011-2019 SLX 2WD BSIII,550000,78413,Diesel,Dealer,Manual,Second Owner,12
Mahindra Bolero Power Plus SLX,790000,40890,Diesel,Dealer,Manual,First Owner,7
Honda Brio S MT,350000,34823,Petrol,Dealer,Manual,Second Owner,10
Toyota Innova Crysta 2.8 ZX AT BSIV,1700000,75000,Diesel,Individual,Automatic,First Owner,8
Maruti Ciaz VDI SHVS,750000,55545,Diesel,Dealer,Manual,First Owner,8
Honda Amaze EX i-Dtech,409999,56541,Diesel,Dealer,Manual,First Owner,11
Hyundai EON Magna Plus,220000,43700,Petrol,Individual,Manual,First Owner,9
Tata Indica GLS BS IV,68000,120000,Petrol,Individual,Manual,Second Owner,16
Hyundai EON Era Plus,290000,20000,Petrol,Individual,Manual,First Owner,8
Honda City i DTec SV,600000,27483,Diesel,Dealer,Manual,First Owner,11
Maruti Swift LXI,470000,8000,Petrol,Individual,Manual,First Owner,6
Hyundai i10 Sportz 1.2,150000,30000,Petrol,Individual,Manual,First Owner,17
Maruti Alto 800 LXI,180000,56207,Petrol,Dealer,Manual,Second Owner,11
Maruti Zen LXI,80000,70000,Petrol,Individual,Manual,First Owner,19
Honda WR-V i-VTEC VX,875000,1440,Petrol,Individual,Manual,First Owner,7
Maruti Alto 800 LXI,300000,50000,Petrol,Individual,Manual,First Owner,6
Toyota Fortuner 2.8 2WD AT BSIV,2800000,20000,Diesel,Individual,Automatic,First Owner,8
Toyota Innova Crysta 2.4 ZX MT,1330000,91195,Diesel,Dealer,Manual,First Owner,8
Volkswagen Polo 1.5 TDI Trendline,220000,63657,Diesel,Dealer,Manual,First Owner,14
Mahindra Verito Vibe 1.5 dCi D4,250000,60000,Diesel,Individual,Manual,First Owner,12
Toyota Innova 2.5 G (Diesel) 7 Seater,919999,75000,Diesel,Dealer,Manual,First Owner,9
Volkswagen Vento Magnific 1.6 Highline,380000,97248,Petrol,Dealer,Manual,First Owner,12
Maruti Swift VDI,450000,46000,Diesel,Individual,Manual,First Owner,13
Hyundai Verna 1.6 VTVT AT S Option,770000,10000,Petrol,Individual,Automatic,First Owner,9
Maruti Swift Dzire LDI,550000,80000,Diesel,Individual,Manual,First Owner,7
Tata New Safari DICOR 2.2 GX 4x2,320000,100000,Diesel,Individual,Manual,Second Owner,14
Maruti SX4 Vxi BSIV,400000,35000,Petrol,Individual,Manual,First Owner,12
Maruti Celerio VXI AT,450000,50000,Petrol,Individual,Automatic,First Owner,8
Maruti SX4 ZDI,220000,90000,Diesel,Individual,Manual,Third Owner,14
Mahindra XUV500 W8 2WD,400000,150000,Diesel,Individual,Manual,Second Owner,13
Hyundai Verna 1.6 SX VTVT (O),530000,89000,Petrol,Individual,Manual,Second Owner,12
Maruti Swift Dzire VDI,390000,60000,Diesel,Individual,Manual,Second Owner,11
Fiat Grande Punto 1.3 Dynamic (Diesel),185000,100000,Diesel,Individual,Manual,Second Owner,13
Maruti SX4 Vxi BSIV,300000,100000,Petrol,Individual,Manual,Second Owner,13
Maruti Swift VDI BSIV,575000,90000,Diesel,Individual,Manual,Second Owner,11
Maruti Wagon R Stingray VXI,300000,75000,Petrol,Individual,Manual,First Owner,11
Toyota Etios Liva 1.4 VD,425000,36000,Diesel,Dealer,Manual,First Owner,8
Hyundai Xcent 1.2 Kappa SX,350000,12000,Petrol,Individual,Manual,First Owner,9
Honda Amaze VX O iDTEC,550000,12997,Diesel,Dealer,Manual,First Owner,8
Maruti Ciaz 1.4 AT Zeta,500000,40000,Petrol,Individual,Automatic,First Owner,8
Mahindra Scorpio S4 4WD,600000,60000,Diesel,Individual,Manual,First Owner,10
Mahindra Quanto C8,300000,25000,Diesel,Individual,Manual,Second Owner,12
Hyundai Verna CRDi 1.6 SX Option,1150000,26430,Diesel,Dealer,Manual,First Owner,7
Maruti Swift 1.3 VXI ABS,475000,24600,Petrol,Dealer,Manual,First Owner,10
Maruti Wagon R LXI,260000,28481,Petrol,Dealer,Manual,First Owner,14
Ford Ecosport 1.0 Ecoboost Titanium Optional,350000,100000,Petrol,Individual,Manual,First Owner,12
Mahindra XUV500 W8 2WD,750000,41988,Diesel,Dealer,Manual,First Owner,12
Maruti Wagon R LXI,180000,30375,Petrol,Dealer,Manual,First Owner,16
Renault KWID Climber 1.0 AMT BSIV,350000,7658,Petrol,Dealer,Automatic,First Owner,8
Maruti Swift Dzire VDI,611000,34400,Diesel,Dealer,Manual,First Owner,8
Renault KWID RXL BSIV,325000,18500,Petrol,Dealer,Manual,First Owner,8
Hyundai EON 1.0 Era Plus,225000,48000,Petrol,Dealer,Manual,First Owner,13
Maruti Wagon R AMT VXI,300000,28942,Petrol,Dealer,Automatic,First Owner,11
Mahindra Bolero Power Plus SLX,400000,50000,Diesel,Individual,Manual,Second Owner,8
Mahindra XUV500 W8 2WD,711000,53600,Diesel,Dealer,Manual,First Owner,13
Toyota Innova 2.5 G (Diesel) 8 Seater,851000,53652,Diesel,Dealer,Manual,First Owner,10
Maruti Ertiga VXI,500000,25000,Petrol,Individual,Manual,First Owner,11
Toyota Innova 2.5 G4 Diesel 8-seater,250000,80000,Diesel,Individual,Manual,Second Owner,18
Maruti Alto 800 VXI,150000,50000,Petrol,Individual,Manual,First Owner,8
Mahindra Scorpio 1.99 S10,610000,15000,Diesel,Individual,Manual,Second Owner,9
Mahindra KUV 100 G80 K2,450000,5000,Petrol,Individual,Manual,First Owner,7
Hyundai i20 1.4 Asta Option,744000,106000,Diesel,Individual,Manual,First Owner,8
Chevrolet Spark 1.0,120000,100000,Petrol,Individual,Manual,Third Owner,17
Renault KWID RXL,220000,60000,Petrol,Individual,Manual,Third Owner,9
Maruti Ertiga ZDI,480000,120000,Diesel,Individual,Manual,Fourth & Above Owner,13
Maruti Celerio ZXI Optional AMT BSIV,370000,82000,Petrol,Individual,Automatic,First Owner,8
Fiat Palio D 1.9 EL PS,55000,35000,Diesel,Individual,Manual,Second Owner,22
Hyundai EON Magna Plus,125000,205000,Petrol,Individual,Manual,First Owner,12
Hyundai Verna 1.6 CRDI,260000,125000,Diesel,Individual,Manual,Third Owner,14
Fiat Linea Classic 1.3 Multijet,350000,130000,Diesel,Individual,Manual,First Owner,10
Maruti Alto 800 CNG LXI,170000,97000,CNG,Individual,Manual,Second Owner,13
Hyundai Grand i10 Sportz,350000,90000,Petrol,Individual,Manual,Second Owner,10
Maruti Swift Dzire VXi,250000,60000,Petrol,Individual,Manual,Third Owner,16
Tata Indigo CR4,170000,60000,Diesel,Individual,Manual,First Owner,12
Mahindra Scorpio S11 BSIV,1300000,35000,Diesel,Individual,Manual,First Owner,7
Hyundai Grand i10 1.2 Kappa Sportz BSIV,550000,25000,Petrol,Individual,Manual,First Owner,6
Honda Brio 1.2 S MT,400000,15000,Petrol,Individual,Manual,First Owner,8
Tata Nano Lx,120000,20000,Petrol,Individual,Manual,First Owner,14
Ford Figo Petrol Titanium,275000,70000,Petrol,Individual,Manual,First Owner,15
Tata Zest Revotron 1.2T XE,285000,90000,Petrol,Individual,Manual,First Owner,9
Hyundai Creta 1.4 CRDi Base,900000,80000,Diesel,Individual,Manual,First Owner,9
Mercedes-Benz M-Class ML 350 CDI,2500000,79500,Diesel,Individual,Automatic,Second Owner,11
Hyundai Verna 1.6 SX CRDi (O),620000,70000,Diesel,Individual,Manual,Second Owner,12
Toyota Innova Crysta 2.4 GX MT 8S BSIV,1700000,5000,Diesel,Individual,Manual,First Owner,7
Ford Figo Aspire 1.2 Ti-VCT Titanium Plus,650000,15000,Petrol,Individual,Manual,First Owner,7
Maruti Ertiga VXI,500000,35000,Petrol,Individual,Manual,First Owner,11
Tata New Safari DICOR 2.2 EX 4x4,250000,120000,Diesel,Individual,Manual,Second Owner,16
Mahindra Marazzo M4,950000,15000,Diesel,Individual,Manual,Second Owner,7
Toyota Etios Cross 1.2L G,320000,60000,Petrol,Individual,Manual,First Owner,10
Renault Duster 110PS Diesel RxZ,450000,120000,Diesel,Individual,Manual,First Owner,12
Mahindra KUV 100 mFALCON D75 K8 AW,350000,90000,Diesel,Individual,Manual,First Owner,9
Maruti Swift Dzire VXI,400000,90000,Petrol,Individual,Manual,First Owner,10
Hyundai i20 Asta 1.4 CRDi (Diesel),250000,72000,Diesel,Individual,Manual,Second Owner,16
Toyota Innova 2.0 GX 8 STR BSIV,550000,197000,Petrol,Individual,Manual,Second Owner,14
Maruti Zen LXI,85000,70000,Petrol,Individual,Manual,Second Owner,26
Hyundai Santro LP zipPlus,52000,50000,Petrol,Individual,Manual,Third Owner,24
Tata Hexa XTA,1200000,50000,Diesel,Individual,Automatic,First Owner,8
Hyundai Verna 1.6 SX VTVT AT,450000,60000,Petrol,Individual,Automatic,Third Owner,14
Maruti Swift Dzire VXI 1.2 BS IV,615000,40000,Petrol,Individual,Manual,First Owner,7
Maruti SX4 ZDI Leather,400000,60000,Diesel,Individual,Manual,Second Owner,13
Tata Nano LX,60000,40000,Petrol,Individual,Manual,First Owner,12
Maruti Ignis 1.2 Alpha BSIV,500000,9161,Petrol,Individual,Manual,First Owner,8
Honda Mobilio V i VTEC,600000,45000,Petrol,Individual,Manual,First Owner,10
Hyundai Getz 1.3 GVS,110000,110000,Petrol,Individual,Manual,First Owner,15
Hyundai Santro Xing GL Plus,175000,80000,Petrol,Individual,Manual,First Owner,12
Ford Fiesta Titanium 1.5 TDCi,325000,100000,Diesel,Individual,Manual,Second Owner,14
Maruti Swift Dzire LDI,425000,90000,Diesel,Individual,Manual,First Owner,8
Hyundai Accent GLE CNG,160000,70000,CNG,Individual,Manual,Third Owner,16
Maruti Zen Estilo LXI BSIII,100000,80000,Petrol,Individual,Manual,Third Owner,18
Maruti Swift Dzire LDI,390000,110000,Diesel,Individual,Manual,Second Owner,11
Hyundai i20 1.2 Spotz,400000,50000,Petrol,Individual,Manual,First Owner,8
Tata Tigor 1.2 Revotron XM,509999,5000,Petrol,Individual,Manual,First Owner,7
Hyundai i10 Magna 1.1,150000,90000,Petrol,Individual,Manual,Third Owner,17
Hyundai Santro Xing GLS,110000,120000,Petrol,Individual,Manual,First Owner,16
Nissan Sunny Diesel XV,450000,80000,Diesel,Individual,Manual,First Owner,12
Hyundai i20 1.2 Spotz,400000,38000,Petrol,Individual,Manual,Second Owner,8
Hyundai Santro Xing GLS,140000,120000,Petrol,Individual,Manual,First Owner,16
Tata Indigo CR4,130000,90000,Diesel,Individual,Manual,First Owner,14
Maruti Alto 800 LXI,160000,50000,Petrol,Individual,Manual,First Owner,8
Maruti Alto 800 LXI,150000,60000,Petrol,Individual,Manual,First Owner,9
Mahindra XUV500 W8 2WD,500000,100000,Diesel,Individual,Manual,Second Owner,12
Tata Nano Std,40000,19000,Petrol,Individual,Manual,First Owner,14
Chevrolet Tavera LT L1 7 Seats BSIII,140000,200000,Diesel,Individual,Manual,Third Owner,19
Mahindra Verito 1.5 D2 BSIV,227000,70000,Diesel,Individual,Manual,Second Owner,10
Maruti Swift VDI,285000,50000,Diesel,Individual,Manual,Second Owner,14
Maruti Alto LX,155000,19077,Petrol,Individual,Manual,Second Owner,13
Hyundai EON D Lite,210000,30000,Petrol,Individual,Manual,First Owner,9
Maruti Alto LXi,140000,80000,Petrol,Individual,Manual,Second Owner,16
Toyota Innova 2.5 GX (Diesel) 7 Seater,940000,128000,Diesel,Individual,Manual,First Owner,10
Nissan Terrano XV Premium 110 PS,750000,80000,Diesel,Individual,Manual,First Owner,12
Maruti Baleno Alpha 1.3,610000,100000,Diesel,Individual,Manual,First Owner,9
Nissan Sunny XV D Premium Leather,450000,50000,Diesel,Individual,Manual,First Owner,10
Toyota Etios Liva GD,409999,56000,Diesel,Individual,Manual,First Owner,13
Hyundai EON 1.0 Era Plus,100000,21302,Petrol,Individual,Manual,First Owner,7
Renault KWID 1.0 RXT Optional,300000,10500,Petrol,Individual,Manual,First Owner,7
Mahindra Bolero 2011-2019 SLX,400000,107000,Diesel,Individual,Manual,First Owner,12
Hyundai i10 Sportz 1.2,210000,60000,Petrol,Individual,Manual,Second Owner,15
Hyundai Santro Xing XG eRLX Euro III,90000,120000,Petrol,Individual,Manual,Second Owner,19
Maruti Wagon R LXI BS IV,222000,70000,Petrol,Individual,Manual,First Owner,15
Maruti Alto 800 LXI,240000,50000,Petrol,Individual,Manual,Second Owner,10
Toyota Etios Liva GD,450000,70000,Diesel,Individual,Manual,Second Owner,12
Volkswagen Jetta 2.0L TDI Highline AT,735000,55300,Diesel,Dealer,Automatic,First Owner,13
Tata Indica Vista Quadrajet 90 VX,285000,74300,Diesel,Dealer,Manual,First Owner,13
Honda City VX MT,350000,48781,Petrol,Dealer,Manual,First Owner,15
Volkswagen Jetta 1.9 Highline TDI,290000,87620,Diesel,Dealer,Automatic,First Owner,15
Volkswagen Vento 1.5 TDI Highline Plus AT,890000,40219,Diesel,Dealer,Automatic,First Owner,8
Honda Jazz VX,385000,11473,Petrol,Dealer,Manual,First Owner,14
Maruti Eeco 5 Seater AC BSIV,425000,8352,Petrol,Dealer,Manual,First Owner,8
Maruti Wagon R VXI AMT1.2BSIV,525000,9745,Petrol,Dealer,Automatic,First Owner,8
Hyundai Grand i10 Asta,550000,9748,Petrol,Dealer,Manual,First Owner,8
Volkswagen Polo 1.0 MPI Trendline,271000,49000,Petrol,Dealer,Manual,First Owner,13
Hyundai Creta 1.6 CRDi SX Option,1490000,20694,Diesel,Dealer,Manual,First Owner,7
Hyundai Grand i10 Asta Option,490000,31080,Petrol,Dealer,Manual,First Owner,10
Hyundai EON Era Plus,260000,37605,Petrol,Dealer,Manual,First Owner,11
Hyundai Xcent 1.1 CRDi SX Option,455000,55850,Diesel,Dealer,Manual,First Owner,11
Tata Nano Lx BSIV,75000,58850,Petrol,Dealer,Manual,First Owner,15
Toyota Etios Cross 1.2L G,421000,23839,Petrol,Dealer,Manual,First Owner,10
Maruti Swift DDiS LDI,550000,54000,Diesel,Dealer,Manual,First Owner,9
Hyundai i10 Sportz 1.2 AT,330000,38000,Petrol,Dealer,Automatic,First Owner,12
Volkswagen Vento 1.5 TDI Comfortline,390000,45454,Diesel,Dealer,Manual,First Owner,13
Skoda Rapid 1.5 TDI AT Ambition,599000,46957,Diesel,Dealer,Automatic,First Owner,10
Hyundai Getz GLE,110000,60000,Petrol,Individual,Manual,Fourth & Above Owner,18
Renault KWID RXT Optional,250000,25000,Petrol,Individual,Manual,First Owner,9
Mahindra Scorpio M2DI,600000,110000,Diesel,Individual,Manual,Fourth & Above Owner,13
Ford Endeavour XLT TDCi 4X2,280000,190000,Diesel,Individual,Manual,Second Owner,17
Audi Q3 35 TDI Quattro Technology,2700000,25000,Diesel,Individual,Automatic,First Owner,7
Mahindra Renault Logan 1.4 GLX Petrol,80000,90000,Petrol,Individual,Manual,First Owner,17
Maruti Alto K10 VXI,350000,5000,Petrol,Individual,Manual,First Owner,6
Maruti Swift VDI BSIV,475000,60000,Diesel,Individual,Manual,First Owner,10
Audi A5 Sportback,4700000,1500,Diesel,Individual,Automatic,First Owner,5
Maruti Swift Dzire VDI,500000,50000,Diesel,Individual,Manual,First Owner,7
Chevrolet Sail Hatchback 1.3 TCDi LT ABS,250000,120000,Diesel,Individual,Manual,First Owner,11
Hyundai Accent CRDi,100000,120000,Diesel,Individual,Manual,Second Owner,20
Maruti Alto K10 VXI Airbag,350000,5000,Petrol,Individual,Manual,First Owner,6
BMW 7 Series Signature 730Ld,4000000,47000,Diesel,Individual,Automatic,First Owner,11
Toyota Camry 2.5 Hybrid,1900000,20000,Petrol,Individual,Automatic,First Owner,8
Hyundai Santro Xing XG,95000,120000,Petrol,Individual,Manual,Second Owner,20
Hyundai Grand i10 CRDi Sportz,409999,58000,Diesel,Individual,Manual,First Owner,10
Mahindra XUV500 W5 BSIV,1050000,35000,Diesel,Individual,Manual,First Owner,7
Maruti Alto K10 VXI,320000,30000,Petrol,Individual,Manual,First Owner,8
Mahindra XUV300 W8 Option Diesel BSIV,1000000,10000,Diesel,Individual,Manual,First Owner,6
Toyota Innova Crysta 2.4 VX MT BSIV,1770000,25000,Diesel,Individual,Manual,First Owner,8
Mahindra Thar CRDe,950000,20000,Diesel,Individual,Manual,First Owner,7
Maruti Swift Dzire ZDI,750000,50000,Diesel,Individual,Manual,First Owner,7
Hyundai EON Magna Plus,220000,42000,Petrol,Individual,Manual,First Owner,11
Tata Hexa XM,1000000,50000,Diesel,Individual,Manual,First Owner,8
Honda Mobilio E i DTEC,660000,116000,Diesel,Individual,Manual,First Owner,8
Maruti Ertiga ZDI,716000,100000,Diesel,Individual,Manual,First Owner,10
Maruti Ciaz ZXi Plus,675000,66000,Petrol,Individual,Manual,First Owner,10
Mahindra Scorpio LX,385000,110000,Diesel,Individual,Manual,Third Owner,15
Fiat Grande Punto EVO 1.3 Dynamic,325000,70000,Diesel,Individual,Manual,First Owner,11
Hyundai Creta 1.6 CRDi SX Option,950000,60000,Diesel,Individual,Manual,First Owner,10
Ford Endeavour Hurricane Limited Edition,400000,110000,Diesel,Individual,Automatic,Fourth & Above Owner,18
Tata Indica Vista TDI LS,250000,25000,Diesel,Individual,Manual,First Owner,11
Land Rover Discovery S 2.0 SD4,4000000,68000,Petrol,Individual,Automatic,First Owner,7
Maruti Alto 800 LXI,210000,20000,Petrol,Individual,Manual,First Owner,11
Hyundai i10 Era 1.1 iTech SE,147000,110000,Petrol,Individual,Manual,Second Owner,14
Maruti Vitara Brezza VDi Option,725000,26350,Diesel,Individual,Manual,First Owner,7
Mahindra Scorpio SLE BSIV,550000,90000,Diesel,Individual,Manual,First Owner,13
Hyundai i20 Sportz Option 1.2,475000,25000,Petrol,Individual,Manual,First Owner,9
Hyundai Santro Xing GLS,250000,50000,Petrol,Individual,Manual,Second Owner,11
Tata Indica LSI,70000,60000,Petrol,Individual,Manual,Second Owner,19
Hyundai EON Era Plus,160000,70000,Petrol,Individual,Manual,Third Owner,13
Ford Endeavour 3.0L 4X4 AT,1000000,90000,Diesel,Individual,Automatic,Second Owner,14
Hyundai Santro LE zipPlus,68000,70000,Petrol,Individual,Manual,First Owner,24
Hyundai Grand i10 1.2 Kappa Asta,500000,26500,Petrol,Individual,Manual,First Owner,8
Hyundai Creta 1.4 EX Diesel,1050000,10000,Diesel,Individual,Manual,First Owner,5
Hyundai Verna CRDi 1.6 SX,900000,50000,Diesel,Individual,Manual,First Owner,8
Maruti Alto LX,100000,52000,Petrol,Individual,Manual,Second Owner,18
Hyundai i20 Asta 1.4 CRDi,300000,90000,Diesel,Individual,Manual,First Owner,12
Tata Indigo LX,140000,60000,Diesel,Individual,Manual,Second Owner,14
Ford Figo Aspire 1.2 Ti-VCT Trend,550000,35000,Petrol,Individual,Manual,First Owner,7
Mahindra XUV500 W8 4WD,650000,71042,Diesel,Dealer,Manual,First Owner,13
Mitsubishi Pajero Sport 4X4,1025000,167870,Diesel,Dealer,Manual,Second Owner,13
Ford Fiesta 1.5 TDCi Titanium,195000,133564,Diesel,Dealer,Manual,First Owner,14
BMW 3 Series 320d Sport,1490000,40000,Diesel,Dealer,Automatic,First Owner,12
Honda City i-VTEC CVT ZX,1140000,23038,Petrol,Trustmark Dealer,Automatic,First Owner,7
Chevrolet Beat Diesel LS,95000,70000,Diesel,Individual,Manual,First Owner,14
BMW 3 Series GT Luxury Line,3050000,30000,Diesel,Individual,Automatic,First Owner,8
Maruti Baleno Delta 1.2,585000,43608,Petrol,Trustmark Dealer,Manual,First Owner,8
Maruti Baleno Alpha CVT,825000,11212,Petrol,Trustmark Dealer,Automatic,First Owner,7
Hyundai i20 1.4 Magna Executive,280000,52000,Diesel,Dealer,Manual,First Owner,12
Maruti Baleno Zeta,725000,49217,Petrol,Trustmark Dealer,Manual,First Owner,9
Mahindra Verito 1.5 D4 BSIV,300000,90000,Diesel,Individual,Manual,First Owner,10
Hyundai Xcent 1.2 Kappa S,375000,70000,Petrol,Individual,Manual,First Owner,10
Honda City VTEC,310000,90000,Petrol,Individual,Manual,Fourth & Above Owner,22
Maruti Swift Dzire VDi,375000,190000,Diesel,Individual,Manual,Third Owner,14
Ford Endeavour 3.2 Titanium AT 4X4,1950000,106000,Diesel,Individual,Automatic,First Owner,9
Tata Xenon XT EX 4X2,400000,80000,Diesel,Individual,Manual,Second Owner,13
Nissan Terrano XL Plus 85 PS,550000,80000,Diesel,Individual,Manual,Second Owner,11
Maruti Eeco 7 Seater Standard BSIV,270000,20000,Petrol,Individual,Manual,First Owner,7
Maruti Ertiga ZDI,555000,110000,Diesel,Individual,Manual,Second Owner,13
Ford Ecosport 1.5 DV5 MT Ambiente,500000,60000,Diesel,Individual,Manual,Second Owner,12
Skoda Laura Elegance 1.9 TDI  AT,400000,130000,Diesel,Individual,Automatic,Second Owner,15
Hyundai EON 1.0 Era Plus,280000,28838,Petrol,Individual,Manual,First Owner,8
Tata Indica GLS BS IV,80000,200000,Petrol,Individual,Manual,First Owner,17
Tata Indica DLS,55000,100000,Diesel,Individual,Manual,First Owner,19
Maruti Alto 800 LXI Airbag,250000,50000,Petrol,Individual,Manual,First Owner,11
Mahindra Bolero SLX 2WD,250000,190000,Diesel,Individual,Manual,Fourth & Above Owner,15
Mahindra Jeep MM 540,95000,100000,Diesel,Individual,Manual,Second Owner,18
Mahindra Scorpio 1.99 S10,725000,135000,Diesel,Individual,Manual,Second Owner,11
Mahindra Bolero Power Plus Plus AC BSIV PS,320000,50000,Diesel,Individual,Manual,Third Owner,10
Skoda Octavia Elegance 2.0 TDI AT,1200000,135000,Diesel,Individual,Automatic,Third Owner,11
Chevrolet Beat Diesel LS,160000,50000,Diesel,Individual,Manual,First Owner,13
Honda Jazz 1.5 VX i DTEC,790000,19571,Diesel,Dealer,Manual,First Owner,7
Honda City i-VTEC ZX,1200000,29600,Petrol,Dealer,Manual,First Owner,7
Maruti Swift LXI,175000,70000,Petrol,Individual,Manual,First Owner,14
Maruti Vitara Brezza ZDi Plus AMT Dual Tone,950000,15000,Diesel,Individual,Automatic,First Owner,7
Maruti Celerio LXI MT BSIV,340000,50000,Petrol,Individual,Manual,First Owner,6
Renault Captur 1.5 Diesel RXT,825000,13500,Diesel,Individual,Manual,First Owner,8
Audi A4 30 TFSI Technology,3100000,22000,Petrol,Individual,Automatic,First Owner,7
Honda Amaze VX Diesel BSIV,780000,25000,Diesel,Dealer,Manual,First Owner,7
Toyota Corolla Altis 1.8 VL AT,350000,80000,Petrol,Individual,Automatic,Third Owner,15
Honda Amaze VX Petrol BSIV,690000,39000,Petrol,Dealer,Manual,First Owner,7
Maruti Alto 800 VXI,245000,60000,Petrol,Individual,Manual,First Owner,9
Honda Amaze VX Diesel BSIV,790000,49000,Diesel,Dealer,Manual,First Owner,7
Honda Amaze VX i-VTEC,680000,48600,Petrol,Dealer,Manual,First Owner,7
Hyundai Grand i10 Asta Option,540000,20000,Petrol,Individual,Manual,Second Owner,8
Mahindra KUV 100 mFALCON G80 K2,425000,25000,Petrol,Individual,Manual,First Owner,9
Maruti Zen Estilo Sports,140000,120000,Petrol,Individual,Manual,First Owner,17
Maruti Ertiga ZDI Plus,1100000,30000,Diesel,Individual,Manual,First Owner,6
Renault Lodgy 85PS RxL,715000,35000,Diesel,Individual,Manual,First Owner,10
Audi Q3 2.0 TDI Quattro Premium Plus,1750000,127643,Diesel,Dealer,Automatic,First Owner,10
Tata Zest Revotron 1.2T XMS,400000,54000,Petrol,Dealer,Manual,Second Owner,7
Audi A6 2.0 TDI  Design Edition,1750000,102354,Diesel,Dealer,Automatic,First Owner,11
Audi Q5 2.0 TFSI Quattro Premium Plus,1850000,62237,Petrol,Dealer,Automatic,First Owner,11
Hyundai Santro Xing XL eRLX Euro III,114999,90000,Petrol,Dealer,Manual,Second Owner,20
Ford EcoSport 1.5 TDCi Titanium BSIV,950000,21394,Diesel,Dealer,Manual,First Owner,7
Datsun GO T Petrol,310000,32686,Petrol,Dealer,Manual,First Owner,10
Mahindra Jeep CJ 500 DI,575000,1001,Diesel,Dealer,Manual,First Owner,19
Renault Pulse RxZ,490000,22000,Diesel,Dealer,Manual,First Owner,8
Hyundai Grand i10 Magna,480000,53261,Petrol,Dealer,Manual,First Owner,8
Land Rover Discovery Sport SD4 HSE Luxury,3500000,53000,Diesel,Dealer,Automatic,First Owner,9
Renault KWID 1.0 RXT Optional,370000,10000,Petrol,Dealer,Manual,First Owner,7
Maruti Baleno Alpha 1.3,835000,14000,Diesel,Dealer,Manual,First Owner,8
Volkswagen Polo 2015-2019 1.2 MPI Highline,650000,44000,Petrol,Dealer,Manual,First Owner,8
Toyota Etios VD,670000,39895,Diesel,Dealer,Manual,First Owner,11
Chevrolet Cruze LTZ AT,950000,73000,Diesel,Dealer,Automatic,First Owner,8
Honda City i-VTEC SV,690000,17000,Petrol,Dealer,Manual,First Owner,11
Volkswagen Polo 2015-2019 1.2 MPI Highline,670000,18591,Petrol,Dealer,Manual,First Owner,8
Tata Nexon 1.5 Revotorq XZ,925000,26766,Diesel,Dealer,Manual,First Owner,8
Hyundai EON Magna Plus,250000,30000,Petrol,Individual,Manual,First Owner,10
Tata Sumo Gold EX,509999,42000,Diesel,Individual,Manual,First Owner,9
Honda City i DTEC VX,520000,110000,Diesel,Individual,Manual,First Owner,11
Tata Indica DLE,100000,100000,Diesel,Individual,Manual,First Owner,20
Tata Indica DLS,85000,300000,Diesel,Individual,Manual,Second Owner,19
Tata Indigo LX,130000,110000,Diesel,Individual,Manual,Third Owner,16
Ford EcoSport 1.5 TDCi Titanium BSIV,950000,27620,Diesel,Dealer,Manual,First Owner,7
Ford Figo Aspire 1.2 Ti-VCT Titanium Plus,450000,70000,Petrol,Individual,Manual,First Owner,10
Honda City S,320000,50000,Petrol,Individual,Manual,Second Owner,13
Maruti Swift Dzire VDI,480000,50000,Diesel,Individual,Manual,First Owner,10
Mercedes-Benz New C-Class C 220 CDI Grand Edition,2490000,46000,Diesel,Individual,Automatic,First Owner,11
Toyota Innova 2.5 VX 8 STR,790000,82000,Diesel,Individual,Manual,First Owner,13
Maruti Omni MPI STD BSIV,120000,120000,Petrol,Individual,Manual,First Owner,9
Maruti Alto LXi,75000,80000,Petrol,Individual,Manual,Third Owner,19
Tata Indica GLS BS IV,99000,70000,Petrol,Individual,Manual,First Owner,15
Maruti S-Cross Zeta DDiS 200 SH,1015000,20000,Diesel,Individual,Manual,First Owner,7
Mahindra Xylo D4 BSIV,250000,200000,Diesel,Individual,Manual,Second Owner,12
Toyota Innova Crysta 2.5 VX BS IV,520000,120000,Diesel,Individual,Manual,First Owner,14
Hyundai Verna CRDi 1.6 AT SX Option,1100000,30000,Diesel,Individual,Automatic,First Owner,7
Toyota Innova 2.5 V Diesel 7-seater,200000,223000,Diesel,Individual,Manual,First Owner,20
Maruti Swift Dzire VDI,525000,60000,Diesel,Individual,Manual,First Owner,9
Hyundai i20 Asta 1.2,500000,40000,Petrol,Individual,Manual,First Owner,9
Mahindra Scorpio S2 7 Seater,675000,161327,Diesel,Individual,Manual,First Owner,9
Hyundai i10 Magna 1.2 iTech SE,150000,60000,Petrol,Individual,Manual,Third Owner,16
Mahindra Bolero DI,250000,50000,Diesel,Individual,Manual,First Owner,18
Hyundai Grand i10 1.2 Kappa Sportz BSIV,450000,6000,Petrol,Individual,Manual,First Owner,7
Hyundai Santro Xing XS,150000,68000,Petrol,Individual,Manual,Second Owner,16
Chevrolet Beat Diesel LS,200000,85000,Diesel,Individual,Manual,First Owner,13
Mahindra Scorpio VLS AT 2.2 mHAWK,525000,70000,Diesel,Individual,Automatic,First Owner,14
Maruti Esteem VX,60000,35000,Petrol,Individual,Manual,Second Owner,26
Maruti Swift Vdi BSIII,180000,100000,Diesel,Individual,Manual,Second Owner,15
Honda Amaze S i-Dtech,475000,110000,Diesel,Individual,Manual,First Owner,10
Mahindra Scorpio VLS AT 2.2 mHAWK,380000,195000,Diesel,Individual,Automatic,Second Owner,15
Maruti Alto 800 LXI,285000,46000,Petrol,Individual,Manual,Second Owner,10
Maruti Alto LXi BSIII,91200,60000,Petrol,Individual,Manual,Second Owner,17
Hyundai Grand i10 CRDi Sportz,400000,42000,Diesel,Individual,Manual,First Owner,10
Hyundai Santro Xing XG AT,160000,90000,Petrol,Individual,Automatic,Second Owner,19
Skoda Yeti Ambition 4X2,650000,85000,Diesel,Individual,Manual,Second Owner,13
Hyundai Verna 1.6 SX,409999,120000,Diesel,Individual,Manual,Third Owner,13
Ford Ecosport 1.5 DV5 MT Titanium,425000,72000,Diesel,Individual,Manual,First Owner,12
Maruti Wagon R LXI CNG,250000,71000,CNG,Individual,Manual,Second Owner,12
Maruti Swift Dzire VXi,200000,110000,Petrol,Individual,Manual,Fourth & Above Owner,16
Volkswagen Polo Diesel Trendline 1.2L,130000,144000,Diesel,Individual,Manual,Fourth & Above Owner,15
Maruti Eeco 5 Seater AC BSIV,260000,30000,Petrol,Dealer,Manual,First Owner,8
Hyundai Verna SX,155000,65000,Petrol,Dealer,Manual,First Owner,18
Honda Jazz 1.5 VX i DTEC,450000,38000,Diesel,Individual,Manual,First Owner,10
Maruti SX4 Celebration Petrol,220000,90000,Petrol,Individual,Manual,Second Owner,13
Hyundai i20 Active S Diesel,650000,37000,Diesel,Dealer,Manual,First Owner,7
Maruti Alto 800 LXI,285000,30000,Petrol,Dealer,Manual,First Owner,7
Honda Amaze V CVT Petrol BSIV,725000,26000,Petrol,Dealer,Automatic,First Owner,7
Maruti Ciaz ZXi,625000,30000,Petrol,Dealer,Manual,First Owner,9
Hyundai i20 Active SX Petrol,550000,23000,Petrol,Dealer,Manual,First Owner,9
Hyundai i10 Magna,240000,40000,Petrol,Dealer,Manual,First Owner,13
Nissan Terrano XL 85 PS,600000,27000,Diesel,Dealer,Manual,First Owner,11
Tata New Safari DICOR 2.2 EX 4x2,350000,65000,Diesel,Dealer,Manual,First Owner,13
Hyundai EON Magna Plus,245000,32000,Petrol,Dealer,Manual,First Owner,10
Mahindra Bolero B6,600000,56000,Diesel,Dealer,Manual,First Owner,9
BMW X1 sDrive 20d xLine,2400000,30000,Diesel,Individual,Automatic,First Owner,8
Mahindra Scorpio SLE BS IV,620000,80000,Diesel,Dealer,Manual,First Owner,11
Maruti Swift Dzire 1.2 Vxi BSIV,395000,52000,Petrol,Dealer,Manual,Second Owner,11
Maruti Ertiga ZXI,635000,13250,Petrol,Dealer,Manual,First Owner,11
Maruti Alto LX,180000,36000,Petrol,Dealer,Manual,First Owner,14
Maruti Swift ZDI Plus,484999,73000,Diesel,Dealer,Manual,Second Owner,10
Maruti Alto LX,110000,60000,Petrol,Individual,Manual,First Owner,21
Maruti Wagon R VXI BSIII,150000,60000,Petrol,Individual,Manual,Second Owner,19
Chevrolet Tavera Neo 2 LT L 9 Str,400000,110000,Diesel,Individual,Manual,First Owner,13
Tata Indica Vista Aura Plus 1.3 Quadrajet,200000,70000,Diesel,Individual,Manual,Second Owner,13
Renault Duster 85PS Diesel RxL Plus,302000,60000,Diesel,Individual,Manual,Second Owner,12
Maruti Swift Dzire Vdi BSIV,215000,90000,Diesel,Individual,Manual,Fourth & Above Owner,14
Maruti Wagon R VXI BSIII,155000,80000,Petrol,Individual,Manual,Second Owner,21
Toyota Innova 2.5 G (Diesel) 8 Seater,1000000,101000,Diesel,Individual,Manual,Second Owner,11
Mahindra Bolero Power Plus SLX,550000,44000,Diesel,Individual,Manual,First Owner,7
Maruti Swift 1.3 VXi,200000,45000,Petrol,Individual,Manual,First Owner,19
Mahindra Scorpio S2 7 Seater,750000,120000,Diesel,Individual,Manual,First Owner,8
Maruti Zen LXI,90000,90000,Petrol,Individual,Manual,Second Owner,20
Maruti Wagon R LXI Minor,80000,120000,Petrol,Individual,Manual,Second Owner,18
Hyundai EON D Lite Plus,229999,13500,Petrol,Individual,Manual,First Owner,12
Renault KWID 1.0 RXT Optional,350000,10000,Petrol,Individual,Manual,First Owner,8
Hyundai Grand i10 Magna,325000,25000,Petrol,Individual,Manual,Third Owner,10
Tata Tigor 1.2 Revotron XT,450000,8500,Petrol,Individual,Manual,First Owner,7
Maruti SX4 Celebration Diesel,250000,120000,Diesel,Individual,Manual,First Owner,13
Volkswagen Polo Diesel Comfortline 1.2L,225000,120000,Diesel,Individual,Manual,First Owner,13
Maruti Alto LXi,150000,90246,Petrol,Individual,Manual,Third Owner,16
Maruti Alto LX BSIII,110000,90000,Petrol,Individual,Manual,Second Owner,17
Maruti Alto LXi BSIII,150000,40000,Petrol,Individual,Manual,Second Owner,15
Maruti Gypsy King Hard Top,165000,60000,Petrol,Individual,Manual,Fourth & Above Owner,25
Renault Duster 85PS Diesel RxL,610000,32000,Diesel,Individual,Manual,Second Owner,8
Tata Manza Club Class Quadrajet90 VX,170000,60400,Diesel,Individual,Manual,First Owner,12
Hyundai Verna CRDi,150000,70950,Diesel,Individual,Manual,Second Owner,17
Hyundai Xcent 1.1 CRDi Base,375000,72000,Diesel,Individual,Manual,First Owner,10
Maruti Swift VDI,390000,90000,Diesel,Individual,Manual,First Owner,12
Hyundai i20 Active 1.2 S,600000,10000,Petrol,Individual,Manual,First Owner,8
Maruti Alto 800 LXI,204999,25000,Petrol,Individual,Manual,Second Owner,11
Hyundai Verna CRDi,270000,80000,Diesel,Individual,Manual,Second Owner,16
Hyundai Grand i10 Sportz,375000,10000,Petrol,Individual,Manual,First Owner,8
Maruti Baleno Zeta,700000,1100,Petrol,Individual,Manual,First Owner,5
Maruti Swift VXI Deca,455000,40000,Petrol,Individual,Manual,First Owner,8
Hyundai i10 Sportz 1.1L,375000,10000,Petrol,Individual,Manual,First Owner,8
Hyundai Grand i10 Asta,341000,31491,Petrol,Individual,Manual,First Owner,11
Maruti Swift Dzire VDI,200000,107143,Diesel,Individual,Manual,Second Owner,11
Maruti Ignis 1.2 AMT Delta BSIV,450000,15000,Petrol,Individual,Automatic,First Owner,8
Hyundai Santro Xing GL Plus,170000,50000,Petrol,Individual,Manual,Second Owner,13
Toyota Innova Crysta 2.4 VX MT 8S BSIV,1900000,100000,Diesel,Individual,Manual,First Owner,8
Mahindra Bolero Power Plus LX,500000,60000,Diesel,Individual,Manual,First Owner,9
Maruti Vitara Brezza ZDi Plus,819999,85000,Diesel,Individual,Manual,First Owner,9
Maruti Swift 1.2 DLX,351000,40000,Petrol,Individual,Manual,Second Owner,11
Hyundai i10 Magna 1.2 iTech SE,195000,80000,Petrol,Individual,Manual,Second Owner,14
Maruti Swift Dzire VDi,250000,82000,Diesel,Individual,Manual,Second Owner,17
Maruti Zen Estilo 1.1 VXI BSIII,120000,70000,Petrol,Individual,Manual,Second Owner,17
Maruti A-Star Vxi,180000,70000,Petrol,Individual,Manual,Third Owner,16
Mahindra KUV 100 mFALCON D75 K6,430000,20000,Diesel,Individual,Manual,First Owner,9
Tata Nano Cx BSIV,75000,35000,Petrol,Individual,Manual,Second Owner,13
Mahindra Xylo D4,750000,80000,Diesel,Individual,Manual,First Owner,8
Tata Nano Lx,60000,40000,Petrol,Individual,Manual,First Owner,14
Toyota Innova 2.5 VX (Diesel) 8 Seater,1500000,46412,Diesel,Individual,Manual,First Owner,10
Mahindra Bolero SLX 2WD BSIII,390000,150000,Diesel,Individual,Manual,Fourth & Above Owner,14
Mahindra TUV 300 T4,630000,50000,Diesel,Individual,Manual,First Owner,9
Tata Safari Storme VX Varicor 400,1085000,15000,Diesel,Individual,Manual,First Owner,7
Hyundai i10 Magna 1.2 iTech SE,190000,60000,Petrol,Individual,Manual,Second Owner,13
Maruti Baleno Delta Automatic,550000,25000,Petrol,Individual,Automatic,First Owner,7
Maruti Alto 800 LXI,200000,90000,Petrol,Individual,Manual,Third Owner,13
Chevrolet Spark 1.0 LT,165000,60000,Petrol,Individual,Manual,First Owner,14
Ford Figo Diesel Celebration Edition,260000,65000,Diesel,Individual,Manual,First Owner,12
Maruti Alto LX,151000,40000,Petrol,Individual,Manual,First Owner,14
Maruti Vitara Brezza VDi,780000,50000,Diesel,Individual,Manual,First Owner,7
Tata Indica Vista Quadrajet LX,175000,80000,Diesel,Individual,Manual,Third Owner,13
Tata Indica Vista TDI LS,170000,107500,Diesel,Dealer,Manual,First Owner,15
Tata Indica Vista TDI LS,210000,135000,Diesel,Dealer,Manual,Second Owner,12
Maruti Alto LXi,90000,43826,Petrol,Dealer,Manual,Second Owner,18
Hyundai i20 Active S Petrol,535000,55838,Petrol,Dealer,Manual,First Owner,9
Maruti Swift VDI BSIV,195000,112880,Diesel,Dealer,Manual,First Owner,18
Tata Indica Vista Terra Quadrajet 1.3L,140000,90000,Diesel,Individual,Manual,Third Owner,14
Nissan Sunny XL,350000,40000,Petrol,Individual,Manual,First Owner,13
Hyundai Verna 1.6 SX VTVT (O),425000,66000,Petrol,Individual,Manual,First Owner,12
Renault KWID 1.0 RXT Optional,300000,30300,Petrol,Individual,Manual,First Owner,8
Volkswagen Vento Diesel Style Limited Edition,340000,85000,Diesel,Individual,Manual,Second Owner,12
Maruti Swift Dzire VXi,250000,80659,Petrol,Dealer,Manual,First Owner,16
Chevrolet Aveo 1.4 LS,170000,81324,Petrol,Dealer,Manual,First Owner,17
Honda Amaze S i-Dtech,315000,127884,Diesel,Dealer,Manual,First Owner,12
Chevrolet Beat PS,200000,50000,Petrol,Individual,Manual,First Owner,10
Chevrolet Beat PS,300000,25000,Petrol,Individual,Manual,First Owner,9
Honda Amaze S i-Dtech,300000,66755,Diesel,Dealer,Manual,First Owner,10
Honda City E,380000,123084,Petrol,Dealer,Manual,First Owner,12
Maruti Swift VXI BSIII,250000,806599,Petrol,Dealer,Manual,First Owner,16
Honda Amaze S i-Dtech,310000,95851,Diesel,Dealer,Manual,First Owner,12
Maruti Wagon R VXI Minor ABS,260000,50000,Petrol,Individual,Manual,First Owner,15
Maruti Omni BSIII 8-STR W/ IMMOBILISER,150000,50000,Petrol,Individual,Manual,Second Owner,17
Maruti Esteem Vxi - BSIII,85000,60000,Petrol,Individual,Manual,Second Owner,19
Maruti Alto 800 LXI,280000,15000,Petrol,Individual,Manual,Second Owner,10
Mahindra Xylo H4 ABS,850000,40000,Diesel,Individual,Manual,First Owner,9
Datsun GO Plus T Option BSIV,375000,20000,Petrol,Individual,Manual,Second Owner,8
Hyundai Elantra CRDi (Leather Option),125000,120000,Diesel,Individual,Manual,Third Owner,19
Chevrolet Beat Diesel LT,250000,110000,Diesel,Individual,Manual,First Owner,13
Toyota Corolla Altis D-4D J,715000,234000,Diesel,Individual,Manual,First Owner,11
Hyundai i20 1.4 CRDi Era,220000,70000,Diesel,Individual,Manual,First Owner,14
Tata Indica Vista Aqua 1.3 Quadrajet,110000,110000,Diesel,Individual,Manual,Second Owner,15
Hyundai Verna XXi (Petrol),150000,84000,Petrol,Individual,Manual,Second Owner,18
Nissan Sunny Diesel XV,300000,170000,Diesel,Individual,Manual,First Owner,13
Datsun RediGO T Option,220000,40000,Petrol,Individual,Manual,First Owner,8
Maruti Wagon R LX,75000,96000,Petrol,Individual,Manual,Second Owner,19
Tata Indigo LS,100000,20000,Diesel,Individual,Manual,First Owner,16
Ford Figo Aspire 1.2 Ti-VCT Trend,380000,15000,Petrol,Individual,Manual,First Owner,9
Hyundai Santro Xing XK (Non-AC),100000,50000,Petrol,Individual,Manual,First Owner,18
Volkswagen Passat 1.8 TSI MT,480000,80000,Petrol,Individual,Manual,Second Owner,15
Toyota Etios GD,300000,124000,Diesel,Individual,Manual,First Owner,13
Chevrolet Beat Diesel LS,190000,70000,Diesel,Individual,Manual,First Owner,12
Ford Figo Diesel LXI,190000,130000,Diesel,Individual,Manual,Second Owner,13
Ford EcoSport 1.5 Ti VCT MT Trend BSIV,650000,19014,Petrol,Dealer,Manual,First Owner,8
Toyota Corolla Executive (HE),300000,23262,Petrol,Dealer,Manual,First Owner,16
Ford Freestyle Titanium Diesel BSIV,700000,29600,Diesel,Dealer,Manual,First Owner,9
Hyundai i10 Sportz 1.1L,310000,35925,Petrol,Dealer,Manual,First Owner,10
Maruti Ignis 1.2 Zeta BSIV,500000,12000,Petrol,Individual,Manual,First Owner,7
Toyota Etios V,415000,40771,Petrol,Dealer,Manual,First Owner,12
Maruti Celerio VXI AT,395000,30500,Petrol,Dealer,Automatic,Second Owner,10
Toyota Etios Liva 1.2 G,430000,42000,Petrol,Dealer,Manual,Second Owner,11
Toyota Corolla H6,215000,55800,Petrol,Dealer,Manual,Second Owner,18
Renault Duster RXL AWD,550000,66569,Diesel,Dealer,Manual,First Owner,11
Volkswagen Polo 1.5 TDI Trendline,415000,81358,Diesel,Dealer,Manual,First Owner,11
Volkswagen Polo 1.5 TDI Comfortline,450000,82695,Diesel,Dealer,Manual,First Owner,10
Ford Figo Diesel EXI,285000,68293,Diesel,Dealer,Manual,Second Owner,11
Honda Jazz VX CVT,580000,32000,Petrol,Dealer,Automatic,First Owner,9
Maruti Swift Dzire Tour LDI,300000,190621,Diesel,Dealer,Manual,First Owner,11
Hyundai Verna CRDi 1.6 SX Option,1200000,60000,Diesel,Individual,Manual,First Owner,7
Maruti 800 Std MPFi,78000,64700,Petrol,Individual,Manual,First Owner,19
Tata Zest Quadrajet 1.3 75PS XE,400000,88470,Diesel,Individual,Manual,First Owner,9
Hyundai Verna 1.6 CRDI SX Option,850000,75000,Diesel,Individual,Manual,First Owner,9
Volkswagen Vento Diesel Highline,450000,120000,Diesel,Individual,Manual,Second Owner,12
Mercedes-Benz E-Class E250 CDI Blue Efficiency,2500000,35000,Diesel,Individual,Automatic,First Owner,13
Toyota Etios 1.4 VXD,780000,70000,Diesel,Individual,Manual,First Owner,8
Toyota Fortuner 2.8 2WD AT BSIV,3200000,57000,Diesel,Individual,Automatic,First Owner,8
Maruti Alto 800 VXI,350000,1000,Petrol,Individual,Manual,First Owner,5
Mahindra Quanto C6,285000,120000,Diesel,Individual,Manual,Second Owner,12
Volkswagen Vento 1.5 TDI Highline,525000,98000,Diesel,Dealer,Manual,First Owner,10
Maruti Ciaz ZDi,550000,90000,Diesel,Dealer,Manual,Second Owner,11
Volkswagen Ameo 1.5 TDI Comfortline,580000,70000,Diesel,Individual,Manual,First Owner,7
Tata Nano CX SE,75000,25000,Petrol,Individual,Manual,Third Owner,12
Tata Manza Aura Quadrajet,185000,60000,Diesel,Individual,Manual,Third Owner,16
Maruti Omni E 8 Str STD,110000,90000,Petrol,Individual,Manual,Fourth & Above Owner,18
Honda City 1.5 EXI,180000,200000,Petrol,Individual,Manual,Second Owner,21
Volkswagen Polo Diesel Comfortline 1.2L,350000,110000,Diesel,Individual,Manual,Second Owner,15
Chevrolet Optra 1.6 LS,60000,126000,Petrol,Individual,Manual,Second Owner,20
Mahindra TUV 300 T10,695000,70000,Diesel,Individual,Manual,First Owner,7
Mahindra Alturas G4 4X2 AT BSIV,2700000,5000,Diesel,Individual,Automatic,First Owner,6
Maruti Zen Estilo LX BSIII,135000,74183,Petrol,Individual,Manual,Second Owner,18
Mahindra Bolero Power Plus Plus AC BSIV PS,640000,70000,Diesel,Individual,Manual,Second Owner,10
Maruti Alto 800 VXI,160000,90000,Petrol,Individual,Manual,First Owner,11
Tata Indica LXI,80000,46000,Petrol,Individual,Manual,Second Owner,21
Maruti Swift Dzire VDI,340000,110000,Diesel,Individual,Manual,Second Owner,12
Maruti Ritz VDi,110000,80000,Diesel,Individual,Manual,Second Owner,13
Tata Sumo Gold EX,250000,90000,Diesel,Individual,Manual,Second Owner,12
Toyota Innova Crysta 2.4 VX MT BSIV,1300000,70000,Diesel,Individual,Manual,First Owner,8
Mahindra Quanto C6,250000,1,Diesel,Individual,Manual,Second Owner,11
Toyota Innova 2.5 G (Diesel) 8 Seater BS IV,450000,192000,Diesel,Individual,Manual,First Owner,16
Maruti Wagon R LX Minor,240000,70000,Petrol,Individual,Manual,Fourth & Above Owner,12
Mahindra Bolero DI DX 7 Seater,225000,120000,Diesel,Individual,Manual,Second Owner,18
Maruti Wagon R VXI Optional,275000,60000,Petrol,Individual,Manual,Second Owner,10
Tata Sumo Victa CX 7/9 Str BSII,320000,120000,Diesel,Individual,Manual,Second Owner,13
Maruti Alto LX BSIII,75000,120000,Petrol,Individual,Manual,First Owner,17
Tata Indica GLS BS IV,85000,50000,Petrol,Individual,Manual,Second Owner,18
Tata Indica Vista Aqua TDI BSIII,90000,120000,Diesel,Individual,Manual,First Owner,16
Maruti Wagon R LXI Minor,85000,80000,Petrol,Individual,Manual,Second Owner,18
Mahindra Scorpio M2DI,350000,80000,Diesel,Individual,Manual,Second Owner,17
Skoda Superb Elegance 2.0 TDI CR AT,355000,100000,Diesel,Individual,Automatic,Second Owner,16
Maruti Swift VXI,619000,1500,Petrol,Individual,Manual,First Owner,5
Jeep Compass 2.0 Longitude Option BSIV,1700000,50000,Diesel,Individual,Manual,First Owner,7
Tata Indica DL,55000,100000,Diesel,Individual,Manual,Second Owner,19
Ford Fiesta 1.6 ZXi Leather,95000,83411,Petrol,Individual,Manual,First Owner,19
Volkswagen Vento Diesel Highline,300000,120000,Diesel,Individual,Manual,Second Owner,14
Ford Fiesta 1.6 ZXi Leather,81000,83411,Petrol,Individual,Manual,First Owner,19
Skoda Superb Elegance 2.0 TDI CR AT,1000000,80000,Diesel,Individual,Automatic,Second Owner,10
Maruti Ertiga VDI,925000,50000,Diesel,Individual,Manual,First Owner,6
Mahindra Bolero Power Plus Plus AC BSIV PS,450000,40000,Diesel,Individual,Manual,First Owner,10
Mahindra Scorpio EX,600000,13270,Diesel,Individual,Manual,First Owner,11
Hyundai Santro Xing XL AT eRLX Euro III,85000,100000,Petrol,Individual,Automatic,Third Owner,19
Mahindra Thar DI 4X4 PS,700000,50000,Diesel,Individual,Manual,First Owner,9
Hyundai Grand i10 1.2 Kappa Magna BSIV,486000,26500,Petrol,Individual,Manual,First Owner,8
Maruti Swift VDI,400000,90000,Diesel,Individual,Manual,First Owner,12
Ford Fiesta 1.4 Duratec ZXI,120000,100000,Petrol,Individual,Manual,Third Owner,17
Maruti Alto 800 LXI,275000,35000,Petrol,Individual,Manual,First Owner,7
Hyundai i20 Asta Option 1.4 CRDi,580000,57000,Diesel,Individual,Manual,First Owner,9
Maruti Swift Dzire LXI,375000,70000,Petrol,Individual,Manual,First Owner,10
Maruti Wagon R VXI BS IV with ABS,229999,100000,Petrol,Individual,Manual,Third Owner,10
Maruti Alto LX,110000,88000,Petrol,Individual,Manual,Second Owner,15
Maruti Swift Dzire VDI,600000,60000,Diesel,Individual,Manual,First Owner,8
Maruti A-Star Vxi,120000,76000,Petrol,Individual,Manual,Second Owner,16
Ford Figo Diesel Titanium,200000,100000,Diesel,Individual,Manual,Second Owner,15
Hyundai Verna 1.6 SX CRDi (O),450000,110000,Diesel,Individual,Manual,Second Owner,13
Hyundai Verna 1.6 SX CRDi (O),550000,80000,Diesel,Individual,Manual,Second Owner,13
Maruti Alto LX,220000,80000,Petrol,Individual,Manual,Second Owner,13
Maruti 800 EX,40000,30000,Petrol,Individual,Manual,First Owner,24
Renault KWID Climber 1.0 AMT,300000,20000,Petrol,Individual,Automatic,First Owner,8
Mahindra Bolero Power Plus SLE,630000,40000,Diesel,Individual,Manual,First Owner,7
Maruti Swift Dzire VDI,610000,40000,Diesel,Individual,Manual,Second Owner,8
Hyundai Xcent 1.2 VTVT S,660000,7000,Petrol,Individual,Manual,Second Owner,6
Maruti Wagon R LXI LPG BSIV,220000,80000,LPG,Individual,Manual,Second Owner,13
Nissan Micra Diesel XV Premium,138000,90000,Diesel,Individual,Manual,Second Owner,14
Nissan Micra Diesel XV Premium,210000,13770,Diesel,Individual,Manual,First Owner,12
Maruti Zen LXi - BS III,125000,34000,Petrol,Dealer,Manual,First Owner,20
Maruti Alto LXi BSIII,125000,102000,Petrol,Dealer,Manual,First Owner,17
Honda City i DTEC SV,725000,110000,Diesel,Individual,Manual,First Owner,11
Maruti Alto K10 2010-2014 VXI,170000,90000,Petrol,Individual,Manual,Second Owner,14
Toyota Innova 2.5 VX (Diesel) 7 Seater,1200000,70000,Diesel,Individual,Manual,Third Owner,10
Maruti Wagon R VXI BSIII,70000,90000,Petrol,Individual,Manual,Second Owner,22
Maruti Alto LXi,100000,70000,Petrol,Individual,Manual,Second Owner,18
Honda Civic 1.8 (E) MT,300000,80000,Petrol,Individual,Manual,Second Owner,19
Maruti Swift VDI,450000,100000,Diesel,Individual,Manual,Second Owner,12
Maruti Swift Dzire VDI,530000,100000,Diesel,Individual,Manual,First Owner,10
Maruti Zen Estilo 1.1 LXI BSIII,100000,143000,Petrol,Individual,Manual,Third Owner,18
Honda City 1.5 V MT,350000,115000,Petrol,Individual,Manual,Second Owner,15
Tata Manza ELAN Quadrajet BS IV,165000,100000,Diesel,Individual,Manual,Second Owner,14
Maruti Swift Dzire ZDI,475000,120000,Diesel,Individual,Manual,Second Owner,6
Mahindra Xylo E4 ABS BS IV,350000,42000,Diesel,Individual,Manual,First Owner,12
Renault KWID RXL,229999,38000,Petrol,Individual,Manual,First Owner,9
Honda WR-V i-DTEC VX,800000,35000,Diesel,Individual,Manual,First Owner,7
Maruti Swift Dzire ZDI,475000,120000,Diesel,Individual,Manual,Second Owner,11
Nissan Terrano XL 110 PS,425000,136906,Diesel,Individual,Manual,First Owner,11
Maruti Ciaz VDi Plus,660000,97000,Diesel,Individual,Manual,Second Owner,10
Honda Amaze S CVT Petrol,610000,10000,Petrol,Individual,Automatic,First Owner,6
Honda Brio S MT,240000,50000,Petrol,Individual,Manual,Third Owner,12
Maruti Esteem Lxi,70000,60000,Petrol,Individual,Manual,Second Owner,20
Toyota Corolla Altis Diesel D4DGL,550000,120000,Diesel,Individual,Manual,First Owner,14
Tata Indica Vista Aura 1.2 Safire,100000,120000,Petrol,Individual,Manual,Second Owner,15
Mahindra Bolero SLE,350000,90000,Diesel,Individual,Manual,Second Owner,15
Hyundai EON Era Plus,200000,120000,Petrol,Individual,Manual,First Owner,12
Hyundai Elite i20 Asta Option CVT BSIV,720000,3000,Petrol,Individual,Automatic,First Owner,6
Maruti Ritz VDi,350000,133000,Diesel,Individual,Manual,First Owner,11
Maruti Wagon R VXI BS IV,400000,25000,Petrol,Individual,Manual,First Owner,9
Hyundai i20 Active 1.2 S,570000,35000,Petrol,Individual,Manual,First Owner,8
Maruti Omni MPI STD BSIV,130000,70000,Petrol,Individual,Manual,First Owner,10
Maruti Alto 800 LXI,210000,52000,Petrol,Individual,Manual,First Owner,9
Hyundai Creta 1.4 E Plus,800000,52000,Diesel,Individual,Manual,First Owner,7
Honda Jazz 1.5 E i DTEC,700000,39000,Diesel,Individual,Manual,First Owner,8
Tata Indica Vista Quadrajet VX,200000,28689,Diesel,Individual,Manual,First Owner,14
Tata Aria Pure LX 4x2,495000,90000,Diesel,Individual,Manual,Second Owner,11
Ford Fiesta Classic 1.4 Duratorq CLXI,325000,80322,Diesel,Dealer,Manual,First Owner,11
Ford Freestyle Trend Petrol BSIV,650000,8000,Petrol,Individual,Manual,First Owner,6
Mahindra Jeep MM 775 XDB,155000,50000,Diesel,Individual,Manual,Second Owner,25
Maruti 800 AC BSIII,75000,90000,Petrol,Individual,Manual,Second Owner,18
Hyundai Grand i10 1.2 CRDi Magna,350000,61658,Diesel,Dealer,Manual,First Owner,10
Maruti Zen Estilo LX BSIV,90000,50000,Petrol,Individual,Manual,Third Owner,15
Maruti Ertiga SHVS VDI,600000,80000,Diesel,Individual,Manual,First Owner,9
Mahindra Scorpio SLE BSIII,400000,185000,Diesel,Individual,Manual,First Owner,15
Maruti Swift VDI BSIV,370000,57000,Diesel,Individual,Manual,Second Owner,11
Maruti 800 DX,50000,60000,Petrol,Individual,Manual,First Owner,25
Honda City 1.5 GXI,125000,120000,Petrol,Individual,Manual,Second Owner,21
Honda CR-V Diesel 4WD,1800000,26000,Diesel,Individual,Automatic,First Owner,7
Hyundai Grand i10 1.2 Kappa Magna AT,650000,20000,Petrol,Individual,Automatic,First Owner,6
Maruti Ertiga BSIV VXI AT,800000,30600,Petrol,Individual,Automatic,First Owner,8
Volkswagen Polo 1.0 TSI Highline Plus,802000,5000,Petrol,Individual,Manual,First Owner,5
Audi A4 35 TDI Premium,2300000,35000,Diesel,Individual,Automatic,Third Owner,10
Hyundai Xcent 1.1 CRDi SX,430000,35000,Diesel,Individual,Manual,First Owner,9
Hyundai Verna 1.6 SX VTVT,650000,23000,Petrol,Individual,Manual,First Owner,8
Mahindra Scorpio 2.6 SLX Turbo 7 Seater,170000,120000,Diesel,Individual,Manual,First Owner,21
Skoda Superb Elegance 2.0 TDI CR AT,450000,235000,Diesel,Individual,Automatic,First Owner,14
Maruti Alto 800 LXI,250000,87000,Petrol,Individual,Manual,First Owner,12
Ford Ecosport 1.0 Ecoboost Titanium,550000,72000,Petrol,Individual,Manual,Second Owner,11
Jaguar XF 3.0 Litre S Premium Luxury,2000000,64000,Diesel,Individual,Automatic,Second Owner,12
Maruti Zen Estilo VXI BSIII,140000,100000,Petrol,Individual,Manual,Second Owner,18
Chevrolet Beat LT,155000,12000,Petrol,Individual,Manual,First Owner,13
Hyundai Accent Executive,120000,67000,Petrol,Individual,Manual,Third Owner,15
Toyota Innova 2.5 E 8 STR,287000,70000,Diesel,Individual,Manual,First Owner,13
Maruti Baleno Alpha 1.3,675000,60000,Diesel,Individual,Manual,First Owner,9
Hyundai i10 Magna 1.2 iTech SE,235000,74500,Petrol,Individual,Manual,Second Owner,14
Hyundai i20 1.4 CRDi Asta,300000,118700,Diesel,Individual,Manual,Second Owner,14
Nissan Micra XL CVT,434999,40000,Petrol,Individual,Automatic,Second Owner,10
Mahindra Scorpio VLX AT 2WD BSIII,225000,223660,Diesel,Individual,Automatic,Third Owner,21
Toyota Corolla AE,160000,140000,Petrol,Individual,Manual,Second Owner,19
Hyundai Grand i10 Nios Sportz,600000,5000,Petrol,Individual,Manual,First Owner,5
Chevrolet Tavera Neo 3 LT 9 Seats BSIII,470000,100000,Diesel,Individual,Manual,Second Owner,9
Maruti Swift Dzire VXi,300000,100000,Petrol,Individual,Manual,Second Owner,14
Maruti Baleno Delta 1.2,600000,2000,Petrol,Individual,Manual,First Owner,7
Hyundai Grand i10 Nios AMT Magna,640000,4000,Petrol,Individual,Automatic,First Owner,5
Tata Indica DLS,50000,120000,Diesel,Individual,Manual,Fourth & Above Owner,19
Hyundai Verna 1.6 VTVT S,600000,35000,Petrol,Individual,Manual,First Owner,10
Hyundai i10 Magna LPG,290000,29000,LPG,Individual,Manual,First Owner,11
Hyundai Verna 1.6 VTVT S,600000,30000,Petrol,Individual,Manual,First Owner,10
Tata Manza Aqua Quadrajet BS IV,190000,120000,Diesel,Individual,Manual,First Owner,13
Hyundai i10 Era 1.1,160000,110000,Petrol,Individual,Manual,Third Owner,17
Maruti Alto K10 VXI,325000,15000,Petrol,Individual,Manual,First Owner,8
Mahindra Bolero DI,200000,73756,Diesel,Individual,Manual,First Owner,19
Toyota Fortuner 2.8 2WD AT BSIV,2800000,40000,Diesel,Individual,Automatic,First Owner,7
Chevrolet Spark 1.0 LS,125000,60000,Petrol,Individual,Manual,Third Owner,14
Hyundai i10 Magna 1.1,155000,60000,Petrol,Individual,Manual,Fourth & Above Owner,17
Hyundai i20 Asta 1.4 CRDi,550000,90000,Diesel,Individual,Manual,First Owner,10
Maruti Wagon R LX BSIII,130000,70000,Petrol,Individual,Manual,Fourth & Above Owner,16
Maruti 800 AC,80000,70000,Petrol,Individual,Manual,Second Owner,23
Toyota Etios Cross 1.4L GD,500000,80000,Diesel,Individual,Manual,Second Owner,10
Renault KWID RXT BSIV,250000,27000,Petrol,Individual,Manual,First Owner,6
Mahindra XUV500 W8 2WD,580000,70000,Diesel,Individual,Manual,First Owner,13
Daewoo Matiz SD,60000,50000,Petrol,Individual,Manual,First Owner,23
Toyota Etios GD,300000,185000,Diesel,Individual,Manual,First Owner,13
Ford Figo Diesel Titanium,200000,90000,Diesel,Individual,Manual,Second Owner,11
Tata Hexa XT,1200000,16400,Diesel,Individual,Manual,First Owner,8
Toyota Etios Cross 1.4L GD,350000,80000,Diesel,Individual,Manual,Second Owner,10
Mahindra XUV500 W8 4WD,600000,80000,Diesel,Individual,Manual,Second Owner,13
Honda Jazz V,650000,4000,Petrol,Individual,Manual,First Owner,6
Maruti A-Star Lxi,120000,40000,Petrol,Individual,Manual,First Owner,17
Tata New Safari DICOR 2.2 EX 4x2,180000,120000,Diesel,Individual,Manual,Second Owner,15
Hyundai Verna VTVT 1.6 AT SX Option,950000,41395,Petrol,Individual,Automatic,First Owner,7
Tata Manza Aura Quadrajet BS IV,250999,35000,Diesel,Individual,Manual,Second Owner,13
Audi A8 L 3.0 TDI quattro,1250000,47000,Diesel,Dealer,Automatic,Second Owner,16
Chevrolet Beat LT,165000,50000,Petrol,Individual,Manual,First Owner,12
Hyundai Elantra SX,700000,48000,Petrol,Dealer,Manual,First Owner,10
Mahindra XUV500 W8 4WD,750000,53000,Diesel,Dealer,Manual,First Owner,10
Datsun redi-GO AMT 1.0 T Option,290000,15000,Petrol,Dealer,Automatic,First Owner,7
Tata Nano Cx BSIII,45000,7000,Petrol,Individual,Manual,Second Owner,11
Skoda Superb Ambition 2.0 TDI CR AT,675000,88000,Diesel,Dealer,Automatic,First Owner,12
Nissan Terrano XL Plus 85 PS,530000,55000,Diesel,Dealer,Manual,First Owner,10
BMW X1 sDrive20d M Sport,1485000,48000,Diesel,Dealer,Automatic,First Owner,11
Chevrolet Enjoy TCDi LT 7 Seater,325000,71014,Diesel,Dealer,Manual,First Owner,11
Honda Amaze S Diesel,400000,60000,Diesel,Dealer,Manual,First Owner,10
Mahindra KUV 100 D75 K6 Plus,380000,71000,Diesel,Dealer,Manual,First Owner,8
Honda City i-VTEC CVT VX,750000,45000,Petrol,Dealer,Automatic,First Owner,9
Honda Brio VX,390000,45000,Petrol,Dealer,Manual,First Owner,8
MG Hector Sharp Diesel MT BSIV,1825000,14000,Diesel,Dealer,Manual,First Owner,6
Audi A4 35 TDI Premium Plus,3256000,17000,Diesel,Dealer,Automatic,First Owner,6
Renault Scala Diesel RxL,370000,60000,Diesel,Dealer,Manual,First Owner,10
Chevrolet Beat Diesel LT,210000,80000,Diesel,Individual,Manual,Second Owner,12
Skoda Laura Ambiente 1.9 PD,175000,181000,Diesel,Individual,Manual,Fourth & Above Owner,18
Hyundai Verna 1.6 SX CRDi (O),575000,89550,Diesel,Individual,Manual,Second Owner,13
Mahindra Xylo D4,320000,90000,Diesel,Individual,Manual,Third Owner,15
Maruti Swift Ldi BSIV,280000,149500,Diesel,Individual,Manual,Third Owner,15
Renault Duster 85PS Diesel RxL Optional,500000,190000,Diesel,Individual,Manual,Second Owner,12
Ford Fiesta Diesel Style,380000,83000,Diesel,Dealer,Manual,First Owner,12
Maruti 800 AC BSIII,120000,20000,Petrol,Individual,Manual,Second Owner,20
Maruti Eeco 5 Seater AC BSIV,395000,20000,Petrol,Individual,Manual,First Owner,7
Skoda Laura 1.9 TDI MT Ambiente,360000,160000,Diesel,Individual,Manual,First Owner,15
Nissan Terrano XL Plus 85 PS,451000,100000,Diesel,Individual,Manual,First Owner,10
Chevrolet Spark 1.0 LS,175000,45000,Petrol,Individual,Manual,Second Owner,15
Chevrolet Spark 1.0 LS,170000,44800,Petrol,Individual,Manual,Second Owner,16
Hyundai Santro Xing XL eRLX Euro III,100000,40000,Petrol,Individual,Manual,Second Owner,19
Maruti Omni MPI STD BSIV,150000,120000,Petrol,Individual,Manual,Third Owner,11
Tata Indica Vista Quadrajet LX,149000,10000,Diesel,Individual,Manual,Second Owner,14
Tata Indica Vista Aqua 1.3 Quadrajet,160000,80000,Diesel,Individual,Manual,Second Owner,14
Mahindra XUV500 W8 4WD,800000,156000,Diesel,Individual,Manual,First Owner,11
Toyota Innova 2.5 VX (Diesel) 7 Seater BS IV,819999,120000,Diesel,Individual,Manual,Second Owner,15
Maruti Baleno Vxi,163000,100000,Petrol,Individual,Manual,Second Owner,18
Mercedes-Benz E-Class 220 CDI,350000,100000,Diesel,Individual,Manual,Second Owner,24
Tata Indica GLS BS IV,75000,100000,Petrol,Individual,Manual,Second Owner,19
Maruti Alto LXi,180000,60000,Petrol,Individual,Manual,Second Owner,13
Ford Figo Aspire 1.5 TDCi Trend,675000,30000,Diesel,Individual,Manual,First Owner,8
Maruti Swift VDI,400000,170000,Diesel,Individual,Manual,First Owner,12
Volkswagen Polo Diesel Highline 1.2L,434999,100000,Diesel,Individual,Manual,Second Owner,12
Tata Indigo GLX,100000,110000,Petrol,Individual,Manual,Second Owner,19
Maruti Swift Dzire LDI Optional,419000,170000,Diesel,Individual,Manual,Second Owner,10
Tata Indica GLS BS IV,200000,100000,Petrol,Individual,Manual,First Owner,16
Renault Scala Diesel RxL,400000,35000,Diesel,Individual,Manual,First Owner,11
Ford EcoSport 1.5 Diesel Ambiente BSIV,790000,40000,Diesel,Individual,Manual,Second Owner,7
Renault Duster 85PS Diesel RxL Plus,500000,90000,Diesel,Individual,Manual,Second Owner,10
Skoda Rapid 1.6 TDI Elegance,275000,120000,Diesel,Individual,Manual,Second Owner,13
Hyundai i20 1.4 CRDi Sportz,450000,120000,Diesel,Individual,Manual,Second Owner,13
Maruti Wagon R VXI,360000,33000,Petrol,Dealer,Manual,First Owner,9
Maruti Alto LXi BSIII,210000,25000,Petrol,Individual,Manual,First Owner,15
Maruti Alto K10 LXI,220000,66000,Petrol,Dealer,Manual,First Owner,11
Chevrolet Aveo 1.4 LT BSIV,250000,48000,Petrol,Individual,Manual,First Owner,16
Toyota Innova 2.5 G (Diesel) 8 Seater,990000,146000,Diesel,Dealer,Manual,First Owner,9
Mahindra Quanto C4,220000,100000,Diesel,Individual,Manual,Fourth & Above Owner,12
Jaguar XF 3.0 Litre S Premium Luxury,1800000,50000,Diesel,Individual,Automatic,Second Owner,13
Honda City i VTEC V,530000,50000,Petrol,Individual,Manual,First Owner,11
Maruti Baleno Alpha 1.3,575000,50000,Diesel,Individual,Manual,First Owner,9
Mahindra Xylo E4,400000,99000,Diesel,Dealer,Manual,First Owner,13
Honda Mobilio S i DTEC,680000,50000,Diesel,Individual,Manual,First Owner,9
Hyundai Santa Fe 4WD AT,1000000,80000,Diesel,Individual,Automatic,First Owner,11
Maruti Alto 800 LXI,260000,45000,Petrol,Individual,Manual,Second Owner,9
Tata Manza Aura (ABS) Safire BS IV,150000,50000,Petrol,Individual,Manual,Second Owner,15
Maruti Alto LXi BSIII,180000,70000,Petrol,Individual,Manual,Third Owner,17
Force One EX,346000,37516,Diesel,Individual,Manual,First Owner,11
Mahindra Xylo D2 BS IV,450000,20000,Diesel,Individual,Manual,First Owner,10
Hyundai Grand i10 1.2 Kappa Sportz BSIV,500000,5000,Petrol,Individual,Manual,First Owner,6
Hyundai Grand i10 1.2 CRDi Asta,700000,8000,Diesel,Individual,Manual,First Owner,6
Maruti Alto 800 LXI,280000,25880,Petrol,Individual,Manual,First Owner,6
Hyundai Santro Magna AMT BSIV,475000,10000,Petrol,Individual,Automatic,First Owner,6
Maruti Swift Dzire VDi,300000,50000,Diesel,Individual,Manual,First Owner,16
Maruti Alto K10 LXI,200999,40000,Petrol,Individual,Manual,First Owner,11
Skoda Laura 1.9 TDI MT Ambiente,200000,100000,Diesel,Individual,Manual,Third Owner,16
Chevrolet Aveo U-VA 1.2 LS,210000,80000,Petrol,Individual,Manual,Second Owner,16
Tata Indigo LS BSII,160000,110000,Diesel,Individual,Manual,First Owner,13
Hyundai Verna CRDi SX ABS,175000,136000,Diesel,Individual,Manual,Second Owner,16
Tata New Safari DICOR 2.2 GX 4x2 BS IV,320000,80000,Diesel,Individual,Manual,First Owner,13
Maruti Alto LXi,110000,50000,Petrol,Individual,Manual,Second Owner,16
Maruti Wagon R LXI Minor,300000,30000,Petrol,Individual,Manual,First Owner,17
Honda City V MT,700000,10000,Petrol,Individual,Manual,First Owner,13
Tata Indica Vista Aura 1.3 Quadrajet,135000,90000,Diesel,Individual,Manual,Fourth & Above Owner,16
Mahindra Bolero Power Plus Plus Non AC BSIV PS,500000,110000,Diesel,Individual,Manual,First Owner,10
Mahindra Scorpio VLX 2WD AIRBAG BSIV,550000,120000,Diesel,Individual,Manual,Second Owner,13
Toyota Innova 2.5 Z Diesel 7 Seater BS IV,1050000,90000,Diesel,Individual,Manual,Third Owner,11
Honda City i VTEC V,500000,20000,Petrol,Individual,Manual,First Owner,9
Maruti Ritz VDi,180000,90000,Diesel,Individual,Manual,Second Owner,14
Hyundai Santro Xing GLS,170000,50000,Petrol,Individual,Manual,Second Owner,15
Honda Brio 1.2 S Option MT,484999,9000,Petrol,Individual,Manual,First Owner,6
Maruti A-Star Vxi,150000,70000,Petrol,Individual,Manual,Second Owner,14
Maruti Alto K10 VXI Airbag,380000,25000,Petrol,Individual,Manual,First Owner,7
Hyundai Santro Sportz BSIV,480000,10000,Petrol,Individual,Manual,First Owner,6
Volkswagen Polo Diesel Highline 1.2L,290000,60000,Diesel,Individual,Manual,Second Owner,14
Fiat Linea Dynamic,350000,70000,Petrol,Individual,Manual,First Owner,12
Maruti Alto 800 LXI,110000,25000,Petrol,Individual,Manual,First Owner,11
Hyundai Santro LE zipPlus,70000,80000,Petrol,Individual,Manual,Third Owner,22
Volkswagen Vento Petrol Highline AT,300000,70000,Petrol,Individual,Automatic,Third Owner,14
Maruti Alto 800 LX,180000,60000,Petrol,Individual,Manual,First Owner,8
Renault KWID RXL,300000,20000,Petrol,Individual,Manual,First Owner,5
Maruti Baleno Delta 1.2,509000,60000,Petrol,Individual,Manual,First Owner,8
Maruti SX4 S Cross DDiS 320 Zeta,650000,80000,Diesel,Individual,Manual,First Owner,9
Maruti Swift VDI BSIV,450000,70000,Diesel,Individual,Manual,Third Owner,10
Mahindra Jeep Classic,170000,2020,Diesel,Individual,Manual,Second Owner,26
Mahindra Scorpio 2.6 Turbo 7 Str,210000,100000,Diesel,Individual,Manual,Second Owner,18
Hyundai i20 Asta 1.4 CRDi,360000,80000,Diesel,Individual,Manual,Second Owner,12
Toyota Innova 2.5 GX (Diesel) 7 Seater BS IV,495000,120000,Diesel,Individual,Manual,Second Owner,14
Maruti Alto LX,105000,100000,Petrol,Individual,Manual,Third Owner,19
Hyundai i20 Magna,270000,60000,Petrol,Individual,Manual,Third Owner,15
Ford Figo Petrol LXI,130000,110000,Petrol,Individual,Manual,First Owner,15
Honda City i DTEC S,700000,90000,Diesel,Individual,Manual,Second Owner,11
Chevrolet Cruze LTZ,400000,40000,Diesel,Individual,Manual,First Owner,13
Maruti Swift ZXI ABS,250000,60000,Petrol,Individual,Manual,Second Owner,16
Honda Amaze VX i-DTEC,325000,94000,Diesel,Individual,Manual,Second Owner,12
Maruti Alto LXi,69000,100000,Petrol,Individual,Manual,First Owner,17
Mahindra Scorpio S11 BSIV,1380000,25000,Diesel,Individual,Manual,First Owner,7
Maruti Zen Estilo VXI BSIII,90000,90000,Petrol,Individual,Manual,First Owner,18
Mahindra XUV500 W6 1.99 mHawk,1000000,40000,Diesel,Individual,Manual,First Owner,9
Hyundai Accent GLE CNG,145000,90000,CNG,Individual,Manual,Second Owner,15
Maruti Alto K10 LX,250000,1100,Petrol,Individual,Manual,Fourth & Above Owner,5
Maruti Swift VDI,256000,70000,Diesel,Individual,Manual,Third Owner,14
Tata Indica DLS,70000,120000,Diesel,Individual,Manual,First Owner,20
Maruti Wagon R VX,50000,88500,Petrol,Individual,Manual,Fourth & Above Owner,25
Renault KWID RXT,240000,70000,Petrol,Individual,Manual,Second Owner,9
Tata Indica Vista Aqua 1.2 Safire BSIV,97000,128000,Petrol,Individual,Manual,First Owner,15
Tata Indigo CR4,130000,120000,Diesel,Individual,Manual,First Owner,13
Maruti Swift 1.3 VXi,199000,52536,Petrol,Individual,Manual,First Owner,16
Honda Civic 1.8 S AT,125000,70000,Petrol,Individual,Automatic,First Owner,19
Hyundai Xcent 1.1 CRDi Base,420000,60000,Diesel,Individual,Manual,First Owner,10
Mahindra NuvoSport N8,525000,110000,Diesel,Individual,Manual,First Owner,9
Hyundai Santro Xing GLS,125000,85000,Petrol,Individual,Manual,First Owner,17
Hyundai Verna Transform CRDi VGT SX ABS,325000,135000,Diesel,Individual,Manual,First Owner,15
Volkswagen Vento New Diesel Highline,330000,86000,Diesel,Individual,Manual,Fourth & Above Owner,13
Maruti Wagon R LXI BS IV,110000,50000,Petrol,Individual,Manual,First Owner,15
Maruti S-Presso VXI Plus,450000,1950,Petrol,Individual,Manual,First Owner,6
Maruti Swift 1.3 VXi,85000,118400,Petrol,Individual,Manual,First Owner,20
Honda Civic 1.8 S MT,229999,70000,Petrol,Individual,Manual,Second Owner,18
Hyundai i10 Magna,250000,60000,Petrol,Individual,Manual,Second Owner,13
Ford Ecosport 1.5 DV5 MT Titanium,650000,68000,Diesel,Individual,Manual,First Owner,10
Toyota Etios Liva 1.2 VX,650000,6480,Petrol,Trustmark Dealer,Manual,First Owner,8
Maruti Vitara Brezza VDi,750000,32077,Diesel,Trustmark Dealer,Manual,First Owner,8
Toyota Yaris G,850000,19107,Petrol,Trustmark Dealer,Manual,First Owner,7
Hyundai EON Era Plus Option,315000,18469,Petrol,Trustmark Dealer,Manual,First Owner,8
Maruti Swift LXI Option,415000,28217,Petrol,Trustmark Dealer,Manual,First Owner,10
Maruti Ciaz ZDi Plus,640000,72787,Diesel,Trustmark Dealer,Manual,First Owner,9
Maruti Ciaz 1.4 Alpha,780000,31063,Petrol,Trustmark Dealer,Manual,First Owner,8
Toyota Fortuner 4x2 AT,2595000,79641,Diesel,Trustmark Dealer,Automatic,First Owner,8
Hyundai Creta 1.6 CRDi SX,850000,58692,Diesel,Trustmark Dealer,Manual,First Owner,10
Hyundai Creta 1.6 CRDi SX,900000,54784,Diesel,Trustmark Dealer,Manual,First Owner,10
Toyota Corolla Altis GL MT,1150000,64156,Petrol,Trustmark Dealer,Manual,First Owner,9
Maruti Esteem Lxi - BSIII,75000,54000,Petrol,Individual,Manual,First Owner,18
Volkswagen Vento Diesel Comfortline,215000,97000,Diesel,Individual,Manual,First Owner,13
Maruti SX4 ZXI AT,130000,120000,Petrol,Individual,Automatic,Second Owner,16
Hyundai Santro Magna AMT BSIV,400000,16000,Petrol,Individual,Automatic,First Owner,6
Maruti Swift Dzire AMT ZXI,550000,60000,Petrol,Individual,Automatic,First Owner,6
Chevrolet Beat LT,245000,52000,Petrol,Dealer,Manual,First Owner,9
Maruti Swift VDI BSIV,320000,110000,Diesel,Individual,Manual,Fourth & Above Owner,15
Mahindra TUV 300 T8 AMT,730000,60000,Diesel,Individual,Automatic,Second Owner,9
Ford Fusion 1.6 Duratec Petrol,120000,100000,Petrol,Individual,Manual,Third Owner,20
Honda City i-VTEC VX,950000,35000,Petrol,Individual,Manual,First Owner,8
Maruti Wagon R VXI BS IV,350000,48000,Petrol,Individual,Manual,Third Owner,8
Maruti Esteem Vxi,100000,20000,Petrol,Individual,Manual,Second Owner,20
Maruti Wagon R VXI BS IV,350000,30000,Petrol,Individual,Manual,First Owner,8
Maruti Wagon R VXI BSIII,80000,40000,Petrol,Individual,Manual,Second Owner,20
Hyundai Verna 1.6 VTVT,370000,60000,Petrol,Individual,Manual,First Owner,12
Hyundai EON D Lite Plus,160000,70000,Petrol,Individual,Manual,Second Owner,13
Tata Sumo Victa EX 7/9 Str BSII,130000,120000,Diesel,Individual,Manual,First Owner,16
Chevrolet Sail Hatchback 1.2 LS,250000,30000,Petrol,Individual,Manual,First Owner,9
Tata New Safari DICOR 2.2 GX 4x2 BS IV,270000,80000,Diesel,Individual,Manual,Second Owner,13
BMW X1 sDrive 20d xLine,2600000,9500,Diesel,Individual,Automatic,First Owner,6
Hyundai EON Era Plus,160000,80000,Petrol,Individual,Manual,First Owner,12
Hyundai EON Magna Plus,229999,80000,Petrol,Individual,Manual,First Owner,9
Mahindra Bolero Power Plus ZLX,750000,29000,Diesel,Individual,Manual,First Owner,8
Chevrolet Optra Magnum 2.0 LS,195000,120000,Diesel,Individual,Manual,First Owner,14
Datsun RediGO S,270000,22000,Petrol,Individual,Manual,First Owner,9
Skoda Fabia 1.2 MPI Ambition Plus,300000,50000,Petrol,Individual,Manual,First Owner,13
Chevrolet Beat Diesel LT,200000,50000,Diesel,Individual,Manual,First Owner,13
Maruti Zen Estilo 1.1 LXI BSIII,120000,81366,Petrol,Individual,Manual,First Owner,18
Maruti Esteem Vxi - BSIII,95000,110000,Petrol,Individual,Manual,First Owner,19
Toyota Innova 2.5 G (Diesel) 8 Seater BS IV,229999,300000,Diesel,Individual,Manual,First Owner,19
Renault Fluence 1.5,300000,90000,Diesel,Individual,Manual,First Owner,13
Renault KWID RXT,200000,53000,Petrol,Individual,Manual,Second Owner,9
Maruti Alto 800 LXI,250000,30000,Petrol,Individual,Manual,First Owner,8
Maruti Swift Dzire 1.2 Vxi BSIV,368000,90000,Petrol,Individual,Manual,Second Owner,13
Toyota Innova 2.5 GX (Diesel) 7 Seater,650000,244000,Diesel,Individual,Manual,First Owner,11
Mahindra Jeep CL 500 MDI,150000,120000,Diesel,Individual,Manual,Third Owner,28
Maruti Wagon R LXI DUO BS IV,180000,60000,LPG,Individual,Manual,First Owner,13
Hyundai Grand i10 1.2 Kappa Sportz Option,525000,15000,Petrol,Individual,Manual,First Owner,8
Ford Endeavour 4x4 XLT,350000,150000,Diesel,Individual,Manual,Second Owner,20
Mahindra TUV 300 Plus P4,850000,30000,Diesel,Individual,Manual,Second Owner,7
Volkswagen Jetta 2.0 TDI Comfortline,350000,312000,Diesel,Individual,Manual,Third Owner,14
Maruti Swift 1.3 VXi,160000,67000,Petrol,Individual,Manual,First Owner,20
Maruti Swift LDI Optional,500000,40000,Diesel,Individual,Manual,First Owner,8
Hyundai Santro Xing GLS,130000,100000,Petrol,Individual,Manual,First Owner,17
Tata Zest Quadrajet 1.3 75PS XE,350000,100000,Diesel,Individual,Manual,Second Owner,10
Maruti Wagon R LXI,70000,80000,Petrol,Individual,Manual,First Owner,20
Toyota Innova 2.5 G (Diesel) 7 Seater,750000,145000,Diesel,Individual,Manual,Second Owner,11
Honda Amaze VX i-DTEC,450000,53000,Diesel,Individual,Manual,First Owner,12
Maruti Swift Dzire LDI,430000,73000,Diesel,Individual,Manual,Third Owner,10
Maruti SX4 VDI,260000,90000,Diesel,Individual,Manual,Third Owner,14
Maruti Swift VDI,370000,80000,Diesel,Individual,Manual,Third Owner,12
Chevrolet Aveo 1.4 CNG,229999,100000,CNG,Individual,Manual,First Owner,14
Ford Figo Diesel EXI,140000,90000,Diesel,Individual,Manual,Third Owner,14
Toyota Innova 2.5 G (Diesel) 7 Seater,700000,200000,Diesel,Individual,Manual,First Owner,12
Hyundai Elite i20 Magna Plus BSIV,545000,7300,Petrol,Individual,Manual,First Owner,5
Datsun RediGO T Option,200000,30000,Petrol,Individual,Manual,First Owner,8
Tata Safari Storme VX,500000,120000,Diesel,Individual,Manual,First Owner,10
Maruti Alto LXi,70000,90000,Petrol,Individual,Manual,Second Owner,17
Mahindra Thar 4X4,580000,25000,Diesel,Individual,Manual,Third Owner,12
Maruti Eeco 5 STR With AC Plus HTR CNG,160000,70000,CNG,Individual,Manual,Second Owner,13
Maruti Alto LXi,160000,36000,Petrol,Individual,Manual,First Owner,15
Maruti Ertiga SHVS ZDI Plus,760000,49000,Diesel,Individual,Manual,First Owner,9
Hyundai EON Magna Optional,300000,22000,Petrol,Individual,Manual,First Owner,10
Maruti Omni 5 Str STD LPG,50000,35000,LPG,Individual,Manual,Second Owner,27
Mahindra Bolero 2011-2019 SLX,800000,24000,Diesel,Individual,Manual,First Owner,6
Maruti Swift Dzire VDI,680000,20000,Diesel,Individual,Manual,First Owner,7
Maruti 800 DUO AC LPG,85000,50000,LPG,Individual,Manual,Second Owner,16
Toyota Innova Crysta 2.4 G MT BSIV,1300000,70000,Diesel,Individual,Manual,First Owner,9
Maruti Swift VXI BSIV,500000,60000,Petrol,Individual,Manual,First Owner,9
Audi Q5 2.0 TDI,3500000,35000,Diesel,Individual,Automatic,First Owner,10
Hyundai Accent GLX,145000,60000,Petrol,Individual,Manual,First Owner,17
Mahindra Quanto C6,300000,60000,Diesel,Individual,Manual,First Owner,12
Maruti Swift VDI Optional,600000,60000,Diesel,Individual,Manual,Second Owner,8
Maruti Swift Dzire VXI,400000,70000,Petrol,Individual,Manual,Second Owner,10
Hyundai Santro Xing XK eRLX EuroIII,130000,135000,Petrol,Individual,Manual,Second Owner,18
Maruti 800 AC BSII,45000,72539,Petrol,Individual,Manual,Second Owner,24
Maruti Baleno Zeta 1.2,641000,25000,Petrol,Individual,Manual,First Owner,8
Maruti Swift Dzire VDI,650000,50000,Diesel,Individual,Manual,First Owner,10
Ford Freestyle Titanium Diesel,784000,101,Diesel,Dealer,Manual,Test Drive Car,5
Ford Figo Titanium,635000,101,Petrol,Dealer,Manual,Test Drive Car,5
Ford Ecosport 1.5 Diesel Titanium,1000000,101,Diesel,Dealer,Manual,Test Drive Car,5
Ford Figo 1.5D Titanium Opt MT,495000,52328,Diesel,Dealer,Manual,First Owner,10
Hyundai Santro Xing GLS,324000,30000,Petrol,Individual,Manual,First Owner,12
Ford Endeavour 3.2 Titanium AT 4X4,2100000,91505,Diesel,Dealer,Automatic,First Owner,9
Maruti Alto 800 LXI,200000,35000,Petrol,Individual,Manual,First Owner,7
Maruti Swift Dzire VDI,320000,60000,Diesel,Individual,Manual,First Owner,10
Hyundai EON Magna Optional,300000,20500,Petrol,Individual,Manual,First Owner,10
Tata Indica Vista Quadrajet LX,180000,200000,Diesel,Individual,Manual,First Owner,12
Toyota Innova 2.5 V Diesel 8-seater,500000,154000,Diesel,Individual,Manual,Third Owner,17
Toyota Etios VX,305000,120000,Petrol,Individual,Manual,Second Owner,14
Maruti 800 AC,125000,50000,Petrol,Individual,Manual,Fourth & Above Owner,16
Maruti Swift Dzire ZDI,800000,135000,Diesel,Individual,Manual,First Owner,10
Mahindra Scorpio SLE BSIV,420000,100000,Diesel,Individual,Manual,First Owner,16
Maruti Vitara Brezza ZDi Plus,875000,40000,Diesel,Individual,Manual,First Owner,8
Maruti Swift Dzire ZDI,580000,70000,Diesel,Individual,Manual,First Owner,11
Maruti Swift Ldi BSIV,350000,133000,Diesel,Individual,Manual,Second Owner,14
Hyundai Accent GLS,120000,110000,Petrol,Individual,Manual,Second Owner,21
Tata Indica Vista TDI LS,150000,180000,Diesel,Individual,Manual,Third Owner,12
Renault Duster 110PS Diesel RxZ,650000,120000,Diesel,Individual,Manual,First Owner,12
Maruti Alto K10 2010-2014 VXI,225000,80000,Petrol,Individual,Manual,Second Owner,15
Honda Amaze S AT i-Vtech,400000,15000,Petrol,Individual,Automatic,First Owner,11
Hyundai Getz GLS,250000,70000,Petrol,Individual,Manual,First Owner,20
Hyundai Santro Xing GL Plus,120000,41723,Petrol,Individual,Manual,Second Owner,17
Maruti SX4 Vxi BSIV,250000,70000,Petrol,Individual,Manual,First Owner,15
Maruti Alto K10 LXI,175000,20000,Petrol,Individual,Manual,Second Owner,13
Maruti Ignis 1.3 Delta,590000,26350,Diesel,Dealer,Manual,First Owner,7
Tata Indigo CS LX (TDI) BS-III,225000,68745,Diesel,Dealer,Manual,First Owner,10
Mahindra XUV500 W6 2WD,900000,47000,Diesel,Individual,Manual,First Owner,9
Maruti Alto K10 VXI AGS,375000,27289,Petrol,Dealer,Automatic,First Owner,8
Hyundai EON Era Plus,320000,24662,Petrol,Dealer,Manual,First Owner,9
Maruti Swift Dzire VDI,525000,37000,Diesel,Dealer,Manual,First Owner,12
Nissan Evalia XV,650000,28245,Diesel,Dealer,Manual,First Owner,11
Hyundai Grand i10 1.2 CRDi Sportz Option,575000,27005,Diesel,Dealer,Manual,First Owner,8
Hyundai i10 Magna,355000,39227,Petrol,Dealer,Manual,First Owner,11
Mahindra KUV 100 D75 K4 Plus 5Str,470000,31367,Diesel,Dealer,Manual,First Owner,9
Maruti Wagon R LXI,221000,35008,Petrol,Dealer,Manual,First Owner,17
Hyundai Santro Xing GLS,195000,27005,Petrol,Dealer,Manual,First Owner,16
Hyundai Santro Xing XG,90000,100005,Petrol,Dealer,Manual,Second Owner,21
Hyundai Verna SX Diesel,580000,45264,Diesel,Dealer,Manual,First Owner,12
Maruti Eeco 7 Seater Standard BSIV,325000,39093,Petrol,Dealer,Manual,First Owner,11
Honda City Corporate Edition,495000,45241,Petrol,Dealer,Manual,First Owner,12
Hyundai EON Era,290000,12000,Petrol,Dealer,Manual,First Owner,11
Datsun RediGO 1.0 T Option,375000,2769,Petrol,Dealer,Manual,First Owner,7
Tata Indica Vista TDI LS,211000,43128,Diesel,Dealer,Manual,First Owner,14
Maruti Alto LXI,70000,50000,Petrol,Individual,Manual,Second Owner,21
Hyundai i10 Magna 1.2,225000,60000,Petrol,Individual,Manual,Second Owner,15
Mahindra Scorpio LX,420000,70000,Diesel,Individual,Manual,Third Owner,11
Chevrolet Sail Hatchback 1.2 LS,280000,22255,Petrol,Individual,Manual,First Owner,10
Hyundai i20 Sportz 1.2,400000,59213,Petrol,Individual,Manual,First Owner,12
Mahindra XUV500 W6 2WD,850000,55000,Diesel,Individual,Manual,First Owner,10
Ford Fiesta Titanium 1.5 TDCi,550000,80000,Diesel,Individual,Manual,First Owner,14
Renault Captur 1.5 Diesel RXT Mono,1000000,40000,Diesel,Individual,Manual,First Owner,7
Mahindra Xylo D2 Maxx,350000,170000,Diesel,Individual,Manual,First Owner,11
Tata New Safari DICOR 2.2 EX 4x2,350000,170000,Diesel,Individual,Manual,Second Owner,14
Honda Civic 1.8 S MT,170000,70000,Petrol,Individual,Manual,Third Owner,18
Ford Aspire Titanium BSIV,828999,1010,Petrol,Dealer,Manual,Test Drive Car,5
Ford EcoSport 1.5 Ti VCT MT Titanium BE BSIV,1119000,1010,Petrol,Dealer,Manual,Test Drive Car,5
Ford Figo Titanium,746000,1111,Petrol,Dealer,Manual,Test Drive Car,5
Ford Ecosport 1.5 Petrol Trend,1030000,1010,Petrol,Dealer,Manual,Test Drive Car,5
Ford EcoSport 1.5 TDCi Titanium Plus BSIV,1334000,1010,Diesel,Dealer,Manual,Test Drive Car,5
Ford Freestyle Titanium,811999,1010,Petrol,Dealer,Manual,Test Drive Car,5
Ford Ecosport Thunder Edition Diesel,1331000,1010,Diesel,Dealer,Manual,Test Drive Car,5
Ford Freestyle Titanium Plus,852000,1010,Petrol,Dealer,Manual,Test Drive Car,5
Tata Indica DLE,45000,120000,Diesel,Individual,Manual,Second Owner,19
Renault Duster 85PS Diesel RxL Optional,430000,70000,Diesel,Individual,Manual,Third Owner,12
Mahindra Scorpio S2 9 Seater,830000,70000,Diesel,Individual,Manual,First Owner,10
Mahindra Scorpio VLS 2.2 mHawk,409999,110000,Diesel,Individual,Manual,Second Owner,16
Maruti Swift VDI,190000,80000,Diesel,Individual,Manual,Third Owner,13
Honda Accord VTi-L (MT),200000,80000,Petrol,Individual,Manual,Second Owner,18
Hyundai Accent GLX,120000,110000,Petrol,Individual,Manual,Second Owner,19
Mahindra Bolero Power Plus Plus AC BSIV PS,850000,50000,Diesel,Individual,Manual,First Owner,6
Tata Indigo CS LE (TDI) BS-III,95000,115000,Diesel,Individual,Manual,Fourth & Above Owner,14
Maruti Wagon R LXI BS IV,213000,80000,Petrol,Individual,Manual,First Owner,12
Volkswagen Ameo 1.5 TDI Highline Plus 16,660000,25000,Diesel,Individual,Manual,First Owner,7
Nissan Micra XL,415000,48965,Petrol,Dealer,Manual,First Owner,8
Ford Ecosport 1.5 Petrol Titanium Plus,1100000,5166,Petrol,Dealer,Manual,Test Drive Car,6
Mahindra XUV500 W8 4WD,650000,76290,Diesel,Dealer,Manual,First Owner,13
Mahindra XUV500 AT W10 AWD,969999,70000,Diesel,Individual,Automatic,Second Owner,9
Mahindra XUV500 W10 2WD,1250000,35000,Diesel,Individual,Manual,First Owner,9
Maruti Swift Dzire AMT VDI,715000,25000,Diesel,Individual,Automatic,First Owner,8
Maruti Swift VDI,565000,47000,Diesel,Dealer,Manual,First Owner,9
Mahindra Thar 4X4,615000,45766,Diesel,Individual,Manual,Second Owner,12
Tata New Safari 4X4,199000,78771,Diesel,Dealer,Manual,Second Owner,18
Maruti Swift Vdi BSIII,325000,79357,Diesel,Dealer,Manual,First Owner,15
Ford Figo Diesel EXI,409999,28000,Diesel,Individual,Manual,First Owner,13
Hyundai Verna SX CRDi AT,500000,72000,Diesel,Dealer,Automatic,Second Owner,13
Ford Figo Diesel LXI,225000,76736,Diesel,Dealer,Manual,Second Owner,14
Maruti Alto LX BSIII,135000,70000,Petrol,Individual,Manual,Second Owner,18
Renault Koleos 2.0 Diesel,750000,80000,Diesel,Individual,Automatic,Second Owner,13
Maruti Wagon R LXI DUO BSIII,155000,60000,LPG,Individual,Manual,Second Owner,16
Volkswagen Polo Diesel Highline 1.2L,335000,77000,Diesel,Dealer,Manual,Third Owner,13
Ford Ikon 1.8 D,114999,92645,Diesel,Dealer,Manual,Fourth & Above Owner,20
Mercedes-Benz New C-Class 200 CDI Classic,699000,101849,Diesel,Dealer,Manual,Second Owner,18
Mahindra Bolero DI,110000,120000,Diesel,Individual,Manual,Fourth & Above Owner,21
Hyundai i20 Asta 1.2,300000,80000,Petrol,Individual,Manual,First Owner,13
Mahindra Scorpio S4 4WD,700000,70000,Diesel,Individual,Manual,Second Owner,11
Maruti Ertiga SHVS LDI Option,700000,120000,Diesel,Individual,Manual,First Owner,8
Maruti Alto 800 LXI,210000,42000,Petrol,Individual,Manual,Third Owner,12
Maruti Ertiga VDI,600000,120000,Diesel,Individual,Manual,Third Owner,13
Tata Manza Aura (ABS) Quadrajet BS IV,180000,155836,Diesel,Individual,Manual,Second Owner,13
Maruti Wagon R VXi BSII,220000,59000,Petrol,Individual,Manual,Second Owner,14
Chevrolet Spark 1.0 LT,70000,60000,Petrol,Individual,Manual,First Owner,16
Hyundai Creta 1.4 CRDi Base,950000,70000,Diesel,Individual,Manual,Second Owner,7
Ford Fiesta 1.5 TDCi Ambiente,800000,20000,Diesel,Individual,Manual,First Owner,11
Mahindra XUV500 W8 4WD,700000,120000,Diesel,Individual,Manual,Third Owner,13
Renault KWID 1.0,265000,40000,Petrol,Individual,Manual,First Owner,9
Volkswagen Polo Diesel Trendline 1.2L,175000,90000,Diesel,Individual,Manual,Third Owner,14
Mahindra Quanto C6,260000,89000,Diesel,Individual,Manual,Second Owner,13
Toyota Innova 2.5 VX (Diesel) 7 Seater,950000,80000,Diesel,Individual,Manual,Third Owner,12
Maruti Swift Vdi BSIII,250000,200000,Diesel,Individual,Manual,Fourth & Above Owner,16
Mahindra Scorpio S10 7 Seater,630000,50000,Diesel,Individual,Manual,First Owner,10
Tata Nano LX SE,35000,35000,Petrol,Individual,Manual,Third Owner,13
Chevrolet Enjoy TCDi LS 8 Seater,330000,200000,Diesel,Individual,Manual,Third Owner,11
Maruti Alto LXi,150000,120000,Petrol,Individual,Manual,First Owner,16
Tata Indigo LS,105000,90000,Diesel,Individual,Manual,First Owner,17
Tata Indica Vista TDI LX,185000,65000,Diesel,Individual,Manual,First Owner,12
Fiat Grande Punto EVO 1.3 Active,260000,50000,Diesel,Individual,Manual,First Owner,11
Maruti Swift Dzire VDi,450000,33000,Diesel,Individual,Manual,First Owner,13
Maruti Swift VXI Deca,500000,38000,Petrol,Individual,Manual,First Owner,9
Maruti Alto K10 2010-2014 VXI,260000,40000,Petrol,Individual,Manual,First Owner,13
Volkswagen Polo Diesel Trendline 1.2L,265000,55000,Diesel,Individual,Manual,Second Owner,13
Mahindra Thar CRDe,800000,26000,Diesel,Individual,Manual,Second Owner,8
Tata Safari Storme VX Varicor 400,869999,80000,Diesel,Individual,Manual,First Owner,9
Maruti Baleno Alpha 1.2,690000,40000,Petrol,Individual,Manual,First Owner,7
Mitsubishi Pajero 2.8 SFX BSIV Dual Tone,825000,120000,Diesel,Individual,Manual,First Owner,14
Maruti Alto LX BSIII,160000,63230,Petrol,Individual,Manual,Second Owner,19
Mahindra Scorpio 2.6 SLX CRDe,300000,120000,Diesel,Individual,Manual,Second Owner,19
Maruti Wagon R VXI,100000,100000,Petrol,Individual,Manual,Third Owner,20
Hyundai i20 Asta 1.4 CRDi,530000,77000,Diesel,Individual,Manual,Second Owner,10
Maruti Swift VXI Optional,360000,30000,Petrol,Individual,Manual,First Owner,9
Maruti Swift 1.2 DLX,220000,40000,Petrol,Individual,Manual,First Owner,10
Maruti Alto 800 LXI,178000,35000,Petrol,Individual,Manual,First Owner,8
Mahindra Thar DI 4X2,515000,5000,Diesel,Individual,Manual,First Owner,7
Maruti Ritz VXi,300000,35000,Petrol,Individual,Manual,First Owner,11
Tata Indica Vista Quadrajet LS,150000,80000,Diesel,Individual,Manual,Second Owner,13
Tata Nexon 1.2 Revotron XZ Plus Dual Tone,750000,15000,Petrol,Individual,Manual,First Owner,8
Toyota Innova 2.5 G1 BSIV,950000,80000,Diesel,Individual,Manual,First Owner,13
Maruti 800 Std BSII,90000,40000,Petrol,Individual,Manual,Second Owner,19
Tata Indica GLS BS IV,65000,110000,Petrol,Individual,Manual,Third Owner,17
Hyundai Verna 1.6 CRDI,312000,90000,Diesel,Individual,Manual,Second Owner,13
Maruti Vitara Brezza LDi,700000,25000,Diesel,Individual,Manual,First Owner,7
Hyundai Santro Xing XL eRLX Euro III,150000,47000,Petrol,Individual,Manual,First Owner,20
Renault Fluence 1.5,450000,60000,Diesel,Individual,Manual,First Owner,12
Hyundai Verna Transform CRDi VGT ABS,229999,120000,Diesel,Individual,Manual,Second Owner,15
Maruti Swift Ldi BSIII,111000,120000,Diesel,Individual,Manual,First Owner,17
Maruti Swift Dzire VDi,250000,140000,Diesel,Individual,Manual,Second Owner,13
Ford Freestyle Titanium Plus Diesel,750000,1001,Diesel,Dealer,Manual,First Owner,6
Ford Figo 1.5P Titanium AT,774000,1758,Petrol,Dealer,Automatic,First Owner,8
Ford Figo 1.5P Titanium AT,711000,1452,Petrol,Dealer,Automatic,First Owner,7
Ford Figo 1.5D Titanium MT,600000,35122,Diesel,Dealer,Manual,First Owner,8
Maruti Swift Dzire VDI,455000,92621,Diesel,Dealer,Manual,First Owner,10
Datsun GO T Petrol,225000,92198,Petrol,Dealer,Manual,Second Owner,10
Maruti Swift Dzire VDI,650000,5000,Diesel,Individual,Manual,First Owner,6
Chevrolet Beat LT,200000,50000,Petrol,Individual,Manual,First Owner,12
Hyundai Creta 1.6 CRDi AT SX Plus,875000,74000,Diesel,Individual,Automatic,First Owner,9
Skoda Rapid 1.5 TDI AT Ambition BSIV,750000,40000,Diesel,Individual,Automatic,First Owner,8
Maruti Swift Dzire AMT VDI,725000,22000,Diesel,Individual,Automatic,First Owner,6
Maruti Alto LXi,100000,100000,Petrol,Individual,Manual,Second Owner,18
Tata Hexa XT,1100000,40000,Diesel,Individual,Manual,First Owner,6
Ford Endeavour 3.2 Titanium AT 4X4,2700000,30000,Diesel,Individual,Automatic,First Owner,8
Renault KWID RXT Optional,280000,23000,Petrol,Individual,Manual,First Owner,9
Tata Indica Vista Aqua TDI BSIII,150000,30000,Diesel,Individual,Manual,First Owner,16
Tata Manza Aura Safire,200000,50000,Petrol,Individual,Manual,First Owner,15
Maruti Ritz VDi,148000,100000,Diesel,Individual,Manual,Second Owner,15
Maruti Swift Dzire VXi,254999,70000,Petrol,Individual,Manual,Second Owner,14
Maruti Swift Dzire ZXI,360000,60000,Petrol,Individual,Manual,Second Owner,12
Maruti Alto LX,95000,90000,Petrol,Individual,Manual,Second Owner,19
Mahindra Bolero SLE BSIII,185000,230000,Diesel,Individual,Manual,Second Owner,18
Tata Indica Vista Quadrajet VX,185000,40000,Diesel,Individual,Manual,First Owner,13
Renault KWID RXL,300000,15000,Petrol,Individual,Manual,First Owner,6
Hyundai Verna VTVT 1.6 SX,800000,40000,Petrol,Individual,Manual,First Owner,7
Maruti Zen LX,60000,50000,Petrol,Individual,Manual,First Owner,25
Fiat Punto 1.2 Active,80000,50000,Petrol,Individual,Manual,Second Owner,15
Hyundai Xcent 1.2 VTVT S,500000,8000,Petrol,Individual,Manual,First Owner,7
Hyundai EON Era Plus,250000,35000,Petrol,Individual,Manual,First Owner,12
Tata New Safari DICOR 2.2 EX 4x2,250000,80000,Diesel,Individual,Manual,First Owner,15
Maruti Wagon R LXI BSIII,125000,50000,Petrol,Individual,Manual,Second Owner,20
Maruti Alto LXi BSII,100000,80000,Petrol,Individual,Manual,Fourth & Above Owner,23
Mahindra Scorpio M2DI,480000,90000,Diesel,Individual,Manual,First Owner,15
Mahindra KUV 100 G80 K2,320000,30000,Petrol,Individual,Manual,Second Owner,7
Maruti A-Star Vxi,130000,70000,Petrol,Individual,Manual,Second Owner,15
Tata Indica DLS,57000,80000,Diesel,Individual,Manual,Second Owner,19
Hyundai Santro GLS I - Euro I,75000,60000,Petrol,Individual,Manual,First Owner,20
Maruti 800 DX,60000,35000,Petrol,Individual,Manual,First Owner,22
Maruti Alto LXi BSIII,125000,70000,Petrol,Individual,Manual,First Owner,17
Honda City 1.5 EXI S,105000,100000,Petrol,Individual,Manual,Third Owner,21
Maruti Wagon R LXI DUO BSIII,125000,152000,LPG,Individual,Manual,Second Owner,17
Maruti Zen LXI,69000,70000,Petrol,Individual,Manual,Second Owner,27
Tata Indigo LX,130000,90000,Diesel,Individual,Manual,Second Owner,13
Maruti Baleno Zeta 1.2,630000,40000,Petrol,Individual,Manual,First Owner,6
Honda Amaze E i-VTEC,330000,50000,Petrol,Individual,Manual,Second Owner,9
Maruti Wagon R VXI BS IV,340000,15000,Petrol,Individual,Manual,Second Owner,11
Hyundai Santro Xing XG eRLX Euro III,60000,120000,Petrol,Individual,Manual,Third Owner,19
Tata Safari Storme EX,550000,78322,Diesel,Individual,Manual,First Owner,11
Maruti Ertiga VDI,480000,110000,Diesel,Individual,Manual,Second Owner,11
Hyundai Verna 1.6 SX CRDi (O),315000,80000,Diesel,Individual,Manual,Second Owner,12
Ford Fiesta Titanium 1.5 TDCi,165000,120000,Diesel,Individual,Manual,First Owner,13
Chevrolet Beat LS,170000,125000,Petrol,Individual,Manual,First Owner,9
Maruti Baleno Delta 1.2,550000,8000,Petrol,Individual,Manual,First Owner,7
Volkswagen Ameo 1.2 MPI Trendline,465000,13000,Petrol,Individual,Manual,First Owner,7
Tata Indica Vista Quadrajet LX,120000,80000,Diesel,Individual,Manual,Third Owner,13
Hyundai Verna 1.6 Xi ABS,220000,54309,Petrol,Individual,Manual,First Owner,17
Ford Figo Diesel LXI,180000,70000,Diesel,Individual,Manual,Second Owner,14
Chevrolet Aveo 1.6 LT,150000,34600,Petrol,Individual,Manual,Third Owner,19
Tata Zest Revotron 1.2T XMS,520000,25000,Petrol,Individual,Manual,First Owner,9
Tata Safari Storme EX,430000,80000,Diesel,Individual,Manual,Third Owner,12
Mahindra Bolero DI DX 8 Seater,300000,55000,Diesel,Individual,Manual,Second Owner,16
Hyundai Venue SX Opt Diesel,1000000,5000,Diesel,Individual,Manual,First Owner,5
Honda WR-V i-DTEC VX,725000,30000,Diesel,Individual,Manual,First Owner,8
Hyundai Verna 1.4 EX,500000,31000,Diesel,Individual,Manual,First Owner,14
Maruti Wagon R LXI BS IV,250000,50000,Petrol,Individual,Manual,First Owner,14
Maruti Swift Dzire VDI,700000,38217,Diesel,Individual,Manual,First Owner,7
Ford Figo Petrol ZXI,185000,50000,Petrol,Individual,Manual,Third Owner,14
Maruti Ritz VDi,200000,120000,Diesel,Individual,Manual,First Owner,14
Mahindra Bolero DI,315000,110000,Diesel,Individual,Manual,Third Owner,21
Tata Harrier XZ BSIV,1700000,10000,Diesel,Individual,Manual,First Owner,6
Mahindra KUV 100 mFALCON G80 K8 5str,370000,60000,Petrol,Individual,Manual,First Owner,9
Hyundai i10 Sportz,250000,50000,Petrol,Individual,Manual,First Owner,14
Maruti Ignis 1.2 Delta BSIV,500000,15000,Petrol,Individual,Manual,First Owner,6
Toyota Corolla Altis 1.8 J,400000,35000,Petrol,Individual,Manual,Second Owner,17
Tata Manza Club Class Quadrajet90 LS,200000,100000,Diesel,Individual,Manual,First Owner,11
Maruti Swift Dzire VDI,284000,40000,Diesel,Individual,Manual,Second Owner,9
Maruti Wagon R VXI Minor,80000,60000,Petrol,Individual,Manual,Third Owner,18
Chevrolet Beat PS,170000,77000,Petrol,Individual,Manual,First Owner,11
Hyundai Accent Executive,150000,60000,Petrol,Individual,Manual,First Owner,14
Tata Manza Aura (ABS) Safire BS IV,110000,77073,Petrol,Individual,Manual,Second Owner,15
Ford Figo Aspire 1.5 TDCi Titanium,400000,70000,Diesel,Individual,Manual,First Owner,9
Hyundai i10 Magna LPG,275000,90000,LPG,Individual,Manual,Second Owner,12
Toyota Innova 2.5 G (Diesel) 7 Seater,800000,186000,Diesel,Individual,Manual,Third Owner,12
Mahindra Scorpio M2DI,550000,90000,Diesel,Individual,Manual,First Owner,11
Maruti Alto LX BSIII,125000,100000,Petrol,Individual,Manual,Second Owner,18
Chevrolet Beat LT,135000,80000,Petrol,Individual,Manual,Second Owner,15
Mahindra Scorpio LX BSIV,349000,150000,Diesel,Individual,Manual,First Owner,13
Maruti Swift VDI BSIV,458000,80000,Diesel,Individual,Manual,First Owner,11
Maruti Alto K10 VXI,300000,35000,Petrol,Individual,Manual,First Owner,7
Maruti Alto LXi,95000,70000,Petrol,Individual,Manual,First Owner,17
Maruti S-Cross Zeta DDiS 200 SH,850000,50000,Diesel,Individual,Manual,First Owner,7
Ford Freestyle Titanium Diesel,750000,25000,Diesel,Individual,Manual,First Owner,6
Ford Figo Diesel Celebration Edition,190000,120000,Diesel,Individual,Manual,First Owner,12
Maruti Wagon R LXI Minor,150000,70000,Petrol,Individual,Manual,First Owner,16
Hyundai Accent GLE,114999,106000,Petrol,Individual,Manual,Third Owner,16
Toyota Innova 2.0 VX 7 Seater,320000,120000,Petrol,Individual,Manual,Third Owner,15
Maruti Alto 800 CNG LXI Optional,300000,120000,CNG,Individual,Manual,First Owner,6
Maruti Ritz LXi,275000,160000,Petrol,Individual,Manual,First Owner,9
Chevrolet Aveo 1.6 LT with ABS,140000,120000,Petrol,Individual,Manual,Second Owner,15
Tata Altroz XZ,830000,10000,Petrol,Individual,Manual,First Owner,5
Volkswagen Polo SR Petrol 1.2L,380000,50000,Petrol,Individual,Manual,First Owner,12
Hyundai i10 Magna 1.2,150000,90000,Petrol,Individual,Manual,Second Owner,15
Chevrolet Spark 1.0 LS,50000,70000,Petrol,Individual,Manual,First Owner,17
Mahindra Bolero SLX,155000,100000,Diesel,Individual,Manual,First Owner,17
Skoda Superb 1.8 TFSI MT,300000,80000,Petrol,Individual,Manual,First Owner,15
Maruti Alto 800 LXI,300000,16584,Petrol,Dealer,Manual,First Owner,7
Tata Tiago 2019-2020 XE Diesel,385000,38000,Diesel,Dealer,Manual,First Owner,9
Maruti Wagon R LXI,221000,51000,Petrol,Dealer,Manual,First Owner,15
Tata Tiago 1.05 Revotorq XE,381000,38000,Diesel,Dealer,Manual,First Owner,9
Maruti Alto 800 LXI,250999,35000,Petrol,Dealer,Manual,First Owner,10
Hyundai Santro LS zipPlus,60000,120000,Petrol,Individual,Manual,Third Owner,23
Tata Tiago 1.05 Revotorq XE,380000,38000,Diesel,Dealer,Manual,First Owner,9
Skoda Laura L n K 1.9 PD,180000,144000,Diesel,Individual,Manual,Third Owner,17
Maruti Ciaz ZDi Plus,751000,64000,Diesel,Dealer,Manual,First Owner,8
Mahindra XUV500 AT W10 FWD,1250000,60000,Diesel,Dealer,Automatic,First Owner,10
Hyundai EON 1.0 Era Plus,229999,65000,Petrol,Dealer,Manual,First Owner,11
Tata Safari Storme EX,1250000,24000,Diesel,Individual,Manual,First Owner,6
Mahindra Scorpio VLX 2WD BSIV,782000,58000,Diesel,Dealer,Manual,Second Owner,11
Mahindra Scorpio VLX 2.2 mHawk Airbag BSIV,780000,58000,Diesel,Dealer,Manual,Second Owner,11
Maruti Alto 800 LXI,245000,68000,Petrol,Dealer,Manual,First Owner,9
Hyundai i20 1.4 CRDi Sportz,321000,81257,Diesel,Dealer,Manual,First Owner,14
Hyundai Grand i10 1.2 CRDi Sportz Option,509999,44000,Diesel,Dealer,Manual,First Owner,8
Tata Nano CX SE,110000,45000,Petrol,Dealer,Manual,First Owner,10
Volkswagen Polo Diesel Highline 1.2L,400000,75000,Diesel,Dealer,Manual,First Owner,12
Maruti Swift VXI,370000,90000,Petrol,Individual,Manual,First Owner,12
Hyundai Verna CRDi ABS,175000,80000,Diesel,Individual,Manual,Second Owner,18
Mercedes-Benz E-Class 230,1000000,35000,Petrol,Individual,Automatic,Second Owner,27
Maruti Alto 800 LXI,92800,25000,Petrol,Individual,Manual,Second Owner,12
Tata Xenon XT EX 4X2,291000,90000,Diesel,Individual,Manual,First Owner,11
Hyundai Verna 1.6 SX CRDi (O),335000,110000,Diesel,Individual,Manual,Third Owner,12
Maruti Omni 8 Seater BSIV,170000,35000,Petrol,Individual,Manual,First Owner,12
Maruti Alto 800 LXI,295000,10000,Petrol,Individual,Manual,First Owner,6
Renault KWID RXL,375000,10000,Petrol,Individual,Manual,First Owner,6
Hyundai EON Era Plus,215000,70000,Petrol,Individual,Manual,Second Owner,13
Ford Fiesta 1.4 ZXi TDCi ABS,150000,110000,Diesel,Individual,Manual,Second Owner,16
Maruti Alto LXI,60000,5000,Petrol,Individual,Manual,Second Owner,22
Tata New Safari Dicor EX 4X2 BS IV,280000,110000,Diesel,Individual,Manual,Fourth & Above Owner,13
Toyota Etios VD,450000,50000,Diesel,Individual,Manual,Second Owner,9
Mahindra XUV500 W7,1150000,58000,Diesel,Individual,Manual,First Owner,7
Maruti Baleno Delta 1.3,650000,15000,Diesel,Individual,Manual,First Owner,7
Tata Zest Revotron 1.2T XE,300000,60000,Petrol,Individual,Manual,Second Owner,10
Tata Nano Twist XT,73000,57000,Petrol,Individual,Manual,First Owner,10
Maruti Swift VDI BSIV,400000,87000,Diesel,Individual,Manual,Third Owner,10
Renault KWID 1.0 RXT Optional,300000,70000,Petrol,Individual,Manual,First Owner,8
Maruti Wagon R AX,300000,30000,Petrol,Individual,Automatic,Second Owner,13
Maruti Swift Dzire VDI,450000,80000,Diesel,Individual,Manual,First Owner,13
Hyundai Santro Xing GLS,200000,100000,Petrol,Individual,Manual,Second Owner,16
Maruti Swift VXI,580000,40000,Petrol,Individual,Manual,First Owner,6
Hyundai Grand i10 1.2 Kappa Asta,550000,3917,Petrol,Individual,Manual,First Owner,8
Mahindra Scorpio SLX 2.6 Turbo 8 Str,190000,160000,Diesel,Individual,Manual,Second Owner,18
Tata Tiago 1.05 Revotorq XT Option,450000,35000,Diesel,Individual,Manual,First Owner,8
Chevrolet Spark 1.0 LS,220000,70000,Petrol,Individual,Manual,First Owner,11
Maruti SX4 ZXI MT BSIV,310000,69069,Petrol,Dealer,Manual,First Owner,13
Hyundai Elite i20 Sportz Plus BSIV,650000,13500,Petrol,Individual,Manual,First Owner,6
Maruti Wagon R Stingray VXI,300000,59059,Petrol,Dealer,Manual,First Owner,11
Hyundai Accent Executive,200000,70000,Petrol,Individual,Manual,First Owner,12
Honda Brio S MT,285000,39039,Petrol,Dealer,Manual,First Owner,13
Honda Brio Exclusive Edition,335000,33033,Petrol,Dealer,Manual,First Owner,11
Hyundai Verna Transform SX VTVT,370000,55168,Petrol,Individual,Manual,Second Owner,14
Hyundai i20 1.2 Sportz,375000,41041,Petrol,Dealer,Manual,First Owner,12
Hyundai i10 Magna,235000,67067,Petrol,Dealer,Manual,First Owner,16
Hyundai i10 Sportz 1.2 AT,345000,66066,Petrol,Dealer,Automatic,First Owner,12
Mahindra Quanto C8,365000,82082,Diesel,Dealer,Manual,First Owner,12
Hyundai Grand i10 Sportz,400000,48000,Petrol,Individual,Manual,First Owner,11
Hyundai EON D Lite Plus,250000,30000,Petrol,Individual,Manual,First Owner,10
Hyundai Verna SX CRDi AT,465000,70070,Diesel,Dealer,Automatic,First Owner,13
Renault KWID RXT,300000,10000,Petrol,Individual,Manual,First Owner,8
Maruti Swift Dzire ZXI 1.2 BS IV,655000,25000,Petrol,Individual,Manual,First Owner,7
Maruti Wagon R LXI CNG,350000,30000,CNG,Individual,Manual,Second Owner,9
Hyundai i10 Sportz 1.2 AT,500000,50000,Petrol,Dealer,Automatic,First Owner,10
Hyundai Grand i10 AT Asta,465000,63063,Petrol,Dealer,Automatic,First Owner,10
Maruti Swift VDi BSIII W/ ABS,263000,70000,Diesel,Individual,Manual,First Owner,17
Maruti Omni MPI STD BSIV,250000,90000,Petrol,Individual,Manual,First Owner,13
Hyundai Accent GLE 1,60000,90000,Petrol,Individual,Manual,Fourth & Above Owner,26
Hyundai Getz GLX,70000,90000,Petrol,Individual,Manual,Third Owner,20
Honda WR-V i-DTEC VX,650000,140000,Diesel,Individual,Manual,First Owner,8
Hyundai i20 Asta 1.4 CRDi,370000,80000,Diesel,Individual,Manual,Second Owner,11
Maruti Swift VDI Optional,509999,40000,Diesel,Individual,Manual,First Owner,9
Maruti Zen Estilo VXI BSIV,280000,33000,Petrol,Individual,Manual,First Owner,14
Maruti A-Star Vxi,180000,40000,Petrol,Individual,Manual,First Owner,15
Ford Ecosport 1.5 Petrol Ambiente,650000,6000,Petrol,Individual,Manual,First Owner,8
Hyundai Verna SX Diesel,200000,78000,Diesel,Dealer,Manual,Second Owner,15
Hyundai Verna SX Diesel,210000,72000,Diesel,Dealer,Manual,Third Owner,14
Tata Nano Cx BSIV,75000,9528,Petrol,Dealer,Manual,First Owner,14
Toyota Innova 2.5 G (Diesel) 8 Seater,450000,135200,Diesel,Dealer,Manual,First Owner,14
Hyundai i20 1.2 Sportz,220000,58000,Petrol,Dealer,Manual,Second Owner,14
Hyundai i20 Magna 1.4 CRDi (Diesel),325000,78000,Diesel,Dealer,Manual,Second Owner,12
Tata Zest Revotron 1.2T XE,450000,45000,Petrol,Individual,Manual,First Owner,7
Ford EcoSport 1.5 Diesel Titanium Plus BSIV,825000,35000,Diesel,Individual,Manual,First Owner,8
Hyundai Accent GLS,125000,76000,Petrol,Dealer,Manual,Third Owner,18
Mahindra Xylo D2 BS IV,434999,100000,Diesel,Individual,Manual,Third Owner,10
Mahindra Scorpio SLE BSIV,484999,99000,Diesel,Individual,Manual,Second Owner,14
Maruti Ritz VDi,175000,80000,Diesel,Individual,Manual,Third Owner,16
Honda Civic 1.8 S MT,220000,120000,Petrol,Individual,Manual,Third Owner,19
Honda BR-V i-VTEC VX MT,1250000,1100,Petrol,Dealer,Manual,First Owner,5
Maruti Omni E MPI STD BS IV,215000,34000,Petrol,Dealer,Manual,First Owner,8
Mahindra XUV500 W6 2WD,625000,68000,Diesel,Dealer,Manual,First Owner,11
Ford EcoSport 1.5 Diesel Titanium BSIV,615000,15000,Diesel,Individual,Manual,First Owner,7
Chevrolet Beat Diesel PS,130000,58000,Diesel,Dealer,Manual,First Owner,13
Tata Indigo CS eLX BS IV,175000,50300,Diesel,Individual,Manual,First Owner,12
Tata Indigo CR4,150000,70000,Diesel,Individual,Manual,Second Owner,14
Tata Indica Vista TDI LS,195000,60000,Diesel,Individual,Manual,Third Owner,14
Maruti Ertiga 1.5 VDI,550000,90000,Diesel,Individual,Manual,First Owner,5
Isuzu D-Max V-Cross Standard,1500000,40000,Diesel,Individual,Manual,First Owner,7
Skoda Superb 1.8 TFSI MT,400000,80000,Petrol,Individual,Manual,Second Owner,15
Nissan Kicks XV Premium D BSIV,1350000,15000,Diesel,Individual,Manual,First Owner,6
Maruti Swift 1.2 DLX,217000,45000,Petrol,Individual,Manual,First Owner,10
Maruti Swift VDI BSIV,290000,130000,Diesel,Individual,Manual,Second Owner,14
Mahindra Bolero Power Plus SLX,700000,80000,Diesel,Individual,Manual,First Owner,7
Maruti Alto 800 Base,175000,40000,Petrol,Individual,Manual,First Owner,11
Volkswagen Ameo 1.5 TDI Highline 16 Alloy,575000,80000,Diesel,Individual,Manual,First Owner,8
Maruti Ritz LDi,380000,100000,Diesel,Individual,Manual,Second Owner,9
Mahindra Xylo D4 BSIV,350000,151624,Diesel,Individual,Manual,Second Owner,12
Renault Duster 85PS Diesel RxL Optional,450000,160000,Diesel,Individual,Manual,First Owner,13
Hyundai Santro AT CNG,130000,110000,CNG,Individual,Manual,Second Owner,20
Maruti Swift VDI BSIV,320000,74820,Diesel,Individual,Manual,First Owner,10
Mahindra XUV500 W6 2WD,550000,82000,Diesel,Individual,Manual,First Owner,11
Maruti Wagon R VXI BS IV,370000,50000,Petrol,Individual,Manual,Second Owner,10
Chevrolet Beat LT,114999,70000,Petrol,Individual,Manual,Second Owner,15
Ford Ecosport Sports Petrol,1100000,1000,Petrol,Individual,Manual,First Owner,5
Hyundai Tucson CRDi,170000,170000,Diesel,Individual,Manual,First Owner,19
Tata Indigo TDI,80000,150000,Diesel,Individual,Manual,Third Owner,17
Ford EcoSport 1.5 Diesel Titanium BSIV,950000,17000,Diesel,Individual,Manual,First Owner,6
Maruti Swift Dzire VDI,425000,150000,Diesel,Individual,Manual,First Owner,11
Hyundai i20 Asta Option 1.4 CRDi,500000,80000,Diesel,Individual,Manual,First Owner,10
Hyundai Santro Xing XG eRLX Euro III,70000,170000,Petrol,Individual,Manual,Third Owner,20
Honda Amaze S i-Dtech,349000,120000,Diesel,Individual,Manual,First Owner,12
Hyundai i20 1.2 Sportz,330000,90000,Petrol,Individual,Manual,Third Owner,13
Hyundai Santro Xing GLS,120000,90000,Petrol,Individual,Manual,Third Owner,15
Hyundai Verna 1.6 SX CRDi (O),430000,100000,Diesel,Individual,Manual,Second Owner,12
Maruti Swift VDI BSIV,390000,90000,Diesel,Individual,Manual,First Owner,11
Nissan Micra Diesel XV Primo,225000,129000,Diesel,Individual,Manual,First Owner,13
Mahindra Scorpio VLS AT 2.2 mHAWK,350000,186000,Diesel,Individual,Automatic,Second Owner,15
Tata Sumo LX,100000,66778,Diesel,Individual,Manual,First Owner,16
Hyundai EON Era Plus,190000,50000,Petrol,Individual,Manual,First Owner,11
Hyundai i20 Sportz 1.4 CRDi,315000,110000,Diesel,Individual,Manual,Second Owner,11
Hyundai Grand i10 CRDi Magna,300000,60000,Diesel,Individual,Manual,Second Owner,10
Renault KWID RXT,280000,40000,Petrol,Individual,Manual,First Owner,9
Tata Tiago 1.2 Revotron XZ,539000,10000,Petrol,Individual,Manual,First Owner,7
Maruti Celerio ZXI,420000,50000,Petrol,Individual,Manual,First Owner,8
Maruti Omni E 8 Str STD,85000,70000,Petrol,Individual,Manual,Third Owner,24
OpelCorsa 1.6Gls,142000,73000,Petrol,Individual,Manual,Fourth & Above Owner,21
Hyundai EON D Lite,180000,76000,Petrol,Individual,Manual,Second Owner,11
Chevrolet Tavera Neo 3 Max 9 Str BSIII,400000,120000,Diesel,Individual,Manual,Second Owner,11
Mahindra Scorpio VLX 2WD ABS AT BSIII,360000,170000,Diesel,Individual,Automatic,Third Owner,16
Hyundai Santro Xing XG,85000,110000,Petrol,Individual,Manual,Second Owner,22
Honda Brio 1.2 S MT,350000,63400,Petrol,Individual,Manual,First Owner,9
Datsun GO Plus T BSIV,380000,25000,Petrol,Individual,Manual,First Owner,10
Hyundai i10 Era,140000,80000,Petrol,Individual,Manual,Third Owner,16
Maruti Wagon R VXI BS IV,200000,90000,Petrol,Individual,Manual,First Owner,13
Hyundai Santro Xing GL,150000,157000,Petrol,Individual,Manual,First Owner,14
Mahindra Bolero SLX 2WD,300000,100000,Diesel,Individual,Manual,Second Owner,18
Renault KWID RXT,280000,50000,Petrol,Individual,Manual,First Owner,8
Maruti Alto K10 2010-2014 VXI,200000,40000,Petrol,Individual,Manual,First Owner,14
Chevrolet Aveo U-VA 1.2 LT WO ABS Airbag,110000,38500,Petrol,Individual,Manual,Second Owner,16
Hyundai i10 Magna,140000,103921,Petrol,Individual,Manual,Second Owner,17
Honda City i-VTEC VX,1150000,14825,Petrol,Dealer,Manual,First Owner,7
Honda BR-V i-DTEC VX MT,910000,43377,Diesel,Dealer,Manual,First Owner,9
Ford Figo Diesel Titanium,160000,102307,Diesel,Dealer,Manual,First Owner,15
Maruti Zen LX,105000,79000,Petrol,Individual,Manual,Second Owner,21
Maruti Wagon R LXI,70000,90000,Petrol,Individual,Manual,Fourth & Above Owner,21
Chevrolet Beat Diesel,160000,110000,Diesel,Individual,Manual,First Owner,13
Chevrolet Sail Hatchback LT ABS,225000,80000,Diesel,Individual,Manual,First Owner,12
Honda City 1.3 EXI,145000,100000,Petrol,Individual,Manual,First Owner,23
Ford EcoSport 1.5 Diesel Titanium Plus BSIV,930000,20000,Diesel,Individual,Manual,First Owner,7
Hyundai Getz 1.5 CRDi GVS,110000,154000,Diesel,Individual,Manual,Third Owner,17
Renault Lodgy Stepway 85PS RXZ 8S,650000,40000,Diesel,Individual,Manual,First Owner,8
Maruti Swift VXI,550000,51000,Petrol,Individual,Manual,First Owner,6
Maruti Alto LX BSIII,85000,120000,Petrol,Individual,Manual,Second Owner,17
Toyota Etios 1.5 V,509999,35000,Petrol,Individual,Manual,First Owner,9
Maruti Baleno Alpha 1.3,650000,70000,Diesel,Individual,Manual,First Owner,8
Chevrolet Spark 1.0 LS,140000,60000,Petrol,Individual,Manual,Second Owner,14
Maruti Alto LXi,150000,70000,Petrol,Individual,Manual,First Owner,14
Datsun GO Plus A Option Petrol,450000,10000,Petrol,Individual,Manual,Second Owner,7
Hyundai Accent CRDi,170000,245244,Diesel,Individual,Manual,Fourth & Above Owner,19
Renault KWID 1.0 RXT Optional,400000,60000,Petrol,Individual,Manual,First Owner,8
Tata Tiago 1.2 Revotron XE,300000,30000,Petrol,Individual,Manual,First Owner,9
Maruti Alto 800 Base,250000,8000,Petrol,Individual,Manual,First Owner,13
Tata Tigor 1.2 Revotron XM,500000,10000,Petrol,Individual,Manual,First Owner,6
Hyundai Accent CRDi,85000,100000,Diesel,Individual,Manual,Third Owner,23
Nissan Sunny Diesel XL,300000,110000,Diesel,Individual,Manual,First Owner,13
Mahindra XUV500 AT W8 FWD,740000,45000,Diesel,Dealer,Automatic,First Owner,10
Hyundai Santro Xing XG,70000,68500,Petrol,Dealer,Manual,First Owner,20
Hyundai Santro Sportz AMT,484999,5007,Petrol,Dealer,Automatic,First Owner,6
Nissan Micra Active XV S,164000,30000,Petrol,Individual,Manual,First Owner,12
Honda City 1.5 V AT,140000,70000,Petrol,Individual,Automatic,First Owner,17
Mercedes-Benz E-Class E250 CDI Elegance,999000,49600,Diesel,Dealer,Automatic,First Owner,14
Maruti Alto LXI,56000,23000,Petrol,Individual,Manual,Second Owner,20
BMW 7 Series 730Ld,1050000,30000,Diesel,Dealer,Automatic,First Owner,19
Hyundai Verna 1.6 VTVT,190000,38000,Petrol,Dealer,Manual,First Owner,15
Audi Q5 3.0 TDI Quattro Technology,3899000,22000,Diesel,Dealer,Automatic,First Owner,7
Hyundai i10 Sportz 1.2,235000,43100,Petrol,Dealer,Manual,First Owner,14
Datsun GO Plus T,350000,10171,Petrol,Dealer,Manual,First Owner,8
Renault Duster 110PS Diesel RxL,465000,41123,Diesel,Dealer,Manual,First Owner,10
Toyota Camry Hybrid 2.5,1900000,20118,Petrol,Dealer,Automatic,First Owner,8
Honda City i DTec SV,450000,40000,Diesel,Dealer,Manual,First Owner,11
Volkswagen Jetta 2.0L TDI Highline,790000,52517,Diesel,Dealer,Manual,First Owner,10
Mahindra Marazzo M2 8Str,900000,20000,Diesel,Individual,Manual,First Owner,6
Ford Ecosport 1.5 DV5 MT Titanium Optional,450000,99117,Diesel,Dealer,Manual,First Owner,11
Chevrolet Spark 1.0 LS,135000,90000,Petrol,Individual,Manual,First Owner,16
Maruti Celerio ZXI MT BSIV,425000,3700,Petrol,Individual,Manual,First Owner,6
Tata Indica Vista Terra 1.4 TDI,100000,80000,Diesel,Individual,Manual,First Owner,15
Ford EcoSport 1.5 TDCi Titanium BSIV,650000,100000,Diesel,Individual,Manual,Second Owner,10
Tata Indica Vista Aqua 1.4 TDI,90000,54000,Diesel,Individual,Manual,First Owner,14
Hyundai EON Era Plus,250000,19000,Petrol,Individual,Manual,First Owner,8
Maruti Swift Dzire VDI,300000,120000,Diesel,Individual,Manual,First Owner,11
Maruti Wagon R VXI BS IV,275000,30000,Petrol,Individual,Manual,First Owner,11
Honda BRV i-VTEC V MT,600000,43500,Petrol,Individual,Manual,First Owner,8
Renault KWID RXT,270000,60000,Petrol,Individual,Manual,Second Owner,9
Renault KWID RXT Optional,240000,70000,Petrol,Individual,Manual,Second Owner,9
Renault KWID 1.0 RXT Optional,350000,20000,Petrol,Individual,Manual,First Owner,9
Maruti Omni 5 Str STD,65000,60000,Petrol,Dealer,Manual,Third Owner,27
Maruti Swift Dzire VDI,650000,58000,Diesel,Individual,Manual,First Owner,10
Maruti Wagon R LX BS IV,350000,40000,Petrol,Dealer,Manual,First Owner,11
Maruti Wagon R LXI,75000,70000,Petrol,Individual,Manual,Second Owner,20
Hyundai i20 Asta (o) 1.4 CRDi (Diesel),440000,70000,Diesel,Dealer,Manual,First Owner,13
Hyundai Santro Xing GLS,270000,60000,Petrol,Individual,Manual,First Owner,12
Toyota Innova 2.5 V Diesel 7-seater,1150000,135000,Diesel,Dealer,Manual,First Owner,11
Maruti Omni 8 Seater BSII,238000,70000,Petrol,Dealer,Manual,First Owner,10
Mercedes-Benz B Class B180 Sports,1100000,40000,Petrol,Individual,Automatic,Second Owner,12
Mahindra XUV500 W10 2WD,1200000,75000,Diesel,Dealer,Manual,Second Owner,10
Skoda Fabia 1.2L Diesel Ambiente,260000,150000,Diesel,Individual,Manual,First Owner,15
Toyota Etios VD,350000,140000,Diesel,Individual,Manual,Third Owner,13
Toyota Etios Liva VD,480000,70000,Diesel,Individual,Manual,First Owner,10
Toyota Etios Liva GD,345000,137250,Diesel,Individual,Manual,Second Owner,13
Mahindra Scorpio M2DI,500000,110000,Diesel,Individual,Manual,Second Owner,12
Hyundai Grand i10 Asta Option,595000,27000,Petrol,Dealer,Manual,First Owner,8
Hyundai Verna CRDi 1.6 SX Option,1295000,9000,Diesel,Dealer,Manual,First Owner,6
Volkswagen Vento 1.5 TDI Highline BSIV,1350000,5400,Diesel,Dealer,Manual,Test Drive Car,6
Renault KWID Climber 1.0 MT Opt BSIV,541000,1000,Petrol,Dealer,Manual,Test Drive Car,5
Hyundai Santro Asta,515000,16000,Petrol,Dealer,Manual,First Owner,7
Ford Figo Aspire Titanium Plus Diesel,894999,13000,Diesel,Dealer,Manual,Test Drive Car,6
Renault Pulse RxZ Optional,325000,47000,Diesel,Dealer,Manual,First Owner,13
Maruti Ciaz 1.4 Alpha,925000,22000,Petrol,Individual,Manual,First Owner,7
Nissan Terrano XL P,844999,30000,Petrol,Individual,Manual,First Owner,8
Maruti Ciaz 1.4 Alpha,925000,20000,Petrol,Individual,Manual,First Owner,7
Tata Manza Club Class Quadrajet90 LX,300000,60000,Diesel,Individual,Manual,First Owner,12
Toyota Camry M/t,650000,75000,Petrol,Individual,Manual,Second Owner,17
Maruti Alto K10 LXI,175000,64000,Petrol,Dealer,Manual,First Owner,15
Maruti SX4 S Cross DDiS 320 Delta,325000,80000,Diesel,Individual,Manual,First Owner,10
Renault Duster 85PS Diesel RxZ,600000,90000,Diesel,Individual,Manual,First Owner,8
Maruti Swift ZXI Plus,700000,30000,Petrol,Individual,Manual,First Owner,7
Toyota Corolla H3,95000,120000,Petrol,Individual,Automatic,Second Owner,22
Maruti Celerio ZXI,490000,20000,Petrol,Dealer,Manual,First Owner,6
Tata Safari DICOR 2.2 EX 4x2,380000,100000,Diesel,Individual,Manual,First Owner,12
Hyundai Grand i10 1.2 Kappa Sportz Dual Tone,550000,31000,Petrol,Dealer,Manual,First Owner,7
Maruti Alto 800 LXI,225000,47000,Petrol,Dealer,Manual,First Owner,12
Tata Nexon 1.2 Revotron XM,570000,11200,Petrol,Individual,Manual,First Owner,7
Maruti Alto 800 LXI,305000,35000,Petrol,Dealer,Manual,First Owner,7
Maruti Wagon R Duo Lxi,240000,50000,LPG,Dealer,Manual,First Owner,15
Maruti Ertiga SHVS VDI,700000,55000,Diesel,Dealer,Manual,First Owner,10
Maruti Omni E MPI STD BS IV,288000,20000,Petrol,Dealer,Manual,First Owner,7
Mahindra Bolero B4,800000,75000,Diesel,Dealer,Manual,First Owner,8
Maruti Celerio VXI,430000,93000,Petrol,Dealer,Manual,First Owner,8
Chevrolet Beat Diesel LT Option,195000,57000,Diesel,Dealer,Manual,Second Owner,16
Maruti Eeco Smiles 5 Seater AC,325000,30000,Petrol,Dealer,Manual,First Owner,11
Renault Duster 85PS Diesel RxE,450000,73000,Diesel,Dealer,Manual,First Owner,12
Maruti Swift Dzire VDI,630000,65000,Diesel,Dealer,Manual,First Owner,9
Maruti Swift 1.3 VXi,250000,62000,Petrol,Dealer,Manual,Second Owner,16
Hyundai Santro GLS I - Euro II,135000,85000,Petrol,Dealer,Manual,First Owner,18
Chevrolet Spark 1.0 PS,110000,73000,Petrol,Individual,Manual,First Owner,15
Maruti Swift ZDi,350000,55000,Diesel,Dealer,Manual,First Owner,13
Maruti Omni E MPI STD BS IV,240000,5800,Petrol,Individual,Manual,Second Owner,9
Toyota Innova 2.5 V Diesel 8-seater,350000,350000,Diesel,Individual,Manual,First Owner,16
Maruti Swift ZXI Plus,600000,30000,Petrol,Individual,Manual,First Owner,7
Maruti Swift Dzire VDI,750000,20000,Diesel,Individual,Manual,First Owner,7
Hyundai EON Era Plus,270000,20000,Petrol,Individual,Manual,First Owner,7
Maruti Alto LXi,90000,100000,Petrol,Individual,Manual,Second Owner,18
Maruti Wagon R Stingray VXI,350000,65000,Petrol,Individual,Manual,First Owner,12
Ford Figo Diesel Celebration Edition,285000,90000,Diesel,Individual,Manual,Second Owner,12
Toyota Innova 2.5 E Diesel MS 7-seater,665000,267000,Diesel,Individual,Manual,Second Owner,14
Mahindra Scorpio 2.6 CRDe,175000,250000,Diesel,Individual,Manual,Second Owner,20
Mahindra Xylo D2,350000,140000,Diesel,Individual,Manual,Second Owner,14
Honda City i-VTEC CVT ZX,1225000,22000,Petrol,Dealer,Automatic,First Owner,7
Honda Jazz Select Edition Active,285000,60000,Petrol,Dealer,Manual,Second Owner,15
Honda City i-VTEC VX,1000000,28635,Petrol,Dealer,Manual,First Owner,7
Honda Amaze VX Diesel BSIV,780000,32114,Diesel,Dealer,Manual,First Owner,7
Maruti Celerio VXI,300000,82000,Petrol,Dealer,Manual,Second Owner,11
Maruti Swift VXI BSIII,160000,95149,Petrol,Dealer,Manual,Second Owner,19
Honda Amaze VX i-VTEC,625000,68458,Petrol,Dealer,Manual,First Owner,7
Maruti Ritz VXi,265000,42000,Petrol,Individual,Manual,First Owner,15
Honda City i DTEC V,515000,90000,Diesel,Individual,Manual,Second Owner,11
Hyundai i20 Active 1.4 SX,650000,100000,Diesel,Individual,Manual,First Owner,9
Mahindra TUV 300 T8,650000,80000,Diesel,Individual,Manual,First Owner,8
Hyundai Getz 1.3 GLS,150000,105546,Petrol,Individual,Manual,First Owner,15
Toyota Etios Liva 1.2 V,500000,10000,Petrol,Individual,Manual,First Owner,7
Toyota Innova 2.5 GX 7 STR BSIV,1000000,80000,Diesel,Individual,Manual,Second Owner,13
Hyundai i20 Magna Optional 1.2,340000,35000,Petrol,Individual,Manual,First Owner,12
Toyota Innova 2.5 G (Diesel) 8 Seater,1010000,120000,Diesel,Individual,Manual,First Owner,12
Toyota Etios GD,350000,120000,Diesel,Individual,Manual,Third Owner,14
Maruti Swift VDI BSIV,595000,70000,Diesel,Individual,Manual,First Owner,9
Mahindra Scorpio VLX 2WD BSIV,700000,130000,Diesel,Individual,Manual,Third Owner,11
Renault KWID RXL,265000,40000,Petrol,Individual,Manual,First Owner,6
Maruti Alto K10 VXI,320000,60000,Petrol,Individual,Manual,Second Owner,10
Honda City 1.5 S MT,310000,110000,Petrol,Individual,Manual,First Owner,14
Honda City i DTEC VX,700000,130000,Diesel,Individual,Manual,First Owner,11
Maruti Alto LXi BSIII,130000,80000,Petrol,Individual,Manual,Second Owner,16
Maruti Swift Dzire VDi,150000,120000,Diesel,Individual,Manual,Second Owner,16
Honda Amaze E i-Dtech,300000,104000,Diesel,Individual,Manual,Second Owner,10
Maruti Swift Dzire LXi,150000,100000,Petrol,Individual,Manual,Second Owner,14
Honda City 1.3 EXI,120000,132343,Petrol,Individual,Manual,Second Owner,22
Hyundai Creta 1.4 CRDi S Plus,950000,90000,Diesel,Individual,Manual,Second Owner,9
Maruti Wagon R VXI BS IV,100000,60000,Petrol,Individual,Manual,Second Owner,18
Honda Jazz 1.5 SV i DTEC,450000,76000,Diesel,Individual,Manual,First Owner,10
Maruti 800 EX,30000,60000,Petrol,Individual,Manual,Third Owner,21
Mahindra Renault Logan 1.6 Petrol GLSX,200000,30000,Petrol,Individual,Manual,Second Owner,16
Tata Indigo LS,250000,96000,Diesel,Individual,Manual,Second Owner,15
Maruti Alto VXi,280000,26134,Petrol,Dealer,Manual,First Owner,10
Maruti Ritz VDi,260000,52895,Diesel,Dealer,Manual,First Owner,14
Hyundai Verna SX Diesel,550000,42324,Diesel,Dealer,Manual,Second Owner,12
Mahindra XUV500 W10 1.99 mHawk,1044999,65000,Diesel,Dealer,Manual,First Owner,9
Mahindra Scorpio EX,550000,60236,Diesel,Dealer,Manual,First Owner,13
Maruti Wagon R VXI BS IV,210000,70000,Petrol,Individual,Manual,Second Owner,11
Maruti Wagon R VXI BS IV,210000,70000,Petrol,Individual,Manual,Third Owner,11
Mahindra Xylo E8,290000,100000,Diesel,Individual,Manual,Second Owner,16
Fiat 500 Lounge,250999,110000,Diesel,Individual,Manual,First Owner,17
Renault Triber RXT BSIV,600000,10300,Petrol,Individual,Manual,First Owner,6
Fiat Grande Punto EVO 1.3 Active,270000,120000,Diesel,Individual,Manual,Second Owner,11
Tata New Safari 4X4 EX,550000,142000,Diesel,Individual,Manual,First Owner,13
Mahindra TUV 300 mHAWK100 T8,800000,25000,Diesel,Individual,Manual,First Owner,8
Tata Altroz XE,500000,5000,Petrol,Individual,Manual,First Owner,5
Hyundai Grand i10 1.2 Kappa Sportz BSIV,396000,28643,Petrol,Dealer,Manual,First Owner,9
Honda City i DTEC VX,600000,50000,Diesel,Individual,Manual,First Owner,11
Maruti Wagon R ZXI 1.2,575000,30000,Petrol,Dealer,Manual,First Owner,6
Hyundai Santro Sportz BSIV,520000,5000,Petrol,Individual,Manual,First Owner,5
Mahindra XUV500 AT W10 FWD,1400000,30000,Diesel,Individual,Automatic,First Owner,7
Maruti Baleno Delta Automatic,600000,7600,Petrol,Individual,Automatic,First Owner,7
Chevrolet Beat Diesel LS,195000,47253,Diesel,Dealer,Manual,First Owner,12
Maruti Alto K10 VXI AGS,281000,4432,Petrol,Dealer,Automatic,Second Owner,10
Tata Indica GLS BS IV,75000,110000,Petrol,Individual,Manual,Second Owner,15
Hyundai Grand i10 Sportz,400000,25000,Petrol,Individual,Manual,First Owner,11
Tata Indica Vista Terra 1.4 TDI,93000,70000,Diesel,Individual,Manual,Second Owner,16
Hyundai i20 Active S Petrol,560000,68523,Petrol,Dealer,Manual,First Owner,9
Hyundai EON 1.0 Era Plus,400000,5000,Petrol,Individual,Manual,First Owner,6
Tata Tigor 1.2 Revotron XT,459999,40000,Petrol,Individual,Manual,First Owner,7
Hyundai Xcent 1.2 CRDi E,450000,43000,Diesel,Individual,Manual,First Owner,8
Maruti Alto Green LXi (CNG),88000,80251,CNG,Dealer,Manual,Second Owner,15
Hyundai i20 1.2 Era,250000,34500,Petrol,Individual,Manual,Second Owner,15
Ford Ikon 1.4 ZXi,22000,42743,Petrol,Dealer,Manual,Third Owner,25
Chevrolet Beat Diesel LS,130000,93900,Diesel,Individual,Manual,Second Owner,12
Maruti Zen VXi - BS III,79000,80000,Petrol,Individual,Manual,First Owner,21
Chevrolet Beat Diesel LS,120000,110000,Diesel,Individual,Manual,First Owner,13
BMW 7 Series 730Ld,1700000,100000,Diesel,Individual,Automatic,Second Owner,14
Chevrolet Optra Magnum 2.0 LT,300000,25000,Diesel,Individual,Manual,First Owner,13
Maruti A-Star Lxi,145000,25000,Petrol,Individual,Manual,First Owner,16
Ford Endeavour 3.2 Titanium AT 4X4,3200000,20000,Diesel,Individual,Automatic,First Owner,6
Chevrolet Spark 1.0 LT,240000,10000,Petrol,Individual,Manual,First Owner,12
Honda WR-V i-DTEC VX,700000,30000,Diesel,Individual,Manual,First Owner,7
Hyundai Accent GLX,145000,110000,Petrol,Individual,Manual,Second Owner,15
Maruti Ertiga VDI Limited Edition,535000,80000,Diesel,Individual,Manual,Second Owner,11
Mahindra KUV 100 mFALCON G80 K2 Plus,420000,21000,Petrol,Individual,Manual,First Owner,9
Maruti Alto K10 VXI,350000,20000,Petrol,Individual,Manual,First Owner,9
Maruti Swift VDI BSIV,550000,32000,Diesel,Individual,Manual,First Owner,10
Mitsubishi Montero 3.2 MT,750000,180000,Diesel,Individual,Manual,First Owner,18
Tata Indica Vista Aqua 1.3 Quadrajet ABS BSIV,198000,70000,Diesel,Individual,Manual,Second Owner,13
Hyundai i20 Magna Optional 1.4 CRDi,420000,50000,Diesel,Individual,Manual,First Owner,12
Ford Endeavour 4x2 XLT,195000,120000,Diesel,Individual,Manual,First Owner,21
Hyundai EON Sportz,150000,55766,Petrol,Individual,Manual,Second Owner,13
Nissan Micra XL,275000,40000,Petrol,Individual,Manual,Second Owner,14
Maruti 800 Std,65000,60000,Petrol,Individual,Manual,Third Owner,24
Maruti Swift LXi BSIV,200000,50000,Petrol,Individual,Manual,First Owner,17
Maruti Swift Dzire VDi,250000,110000,Diesel,Individual,Manual,Second Owner,15
Tata Indigo TDI,182000,100000,Diesel,Individual,Manual,First Owner,12
Maruti Zen VX,85000,86000,Petrol,Individual,Manual,Second Owner,24
Maruti Swift VDI,400000,50000,Diesel,Individual,Manual,First Owner,12
Maruti Baleno Delta 1.3,650000,20000,Diesel,Individual,Manual,First Owner,8
Hyundai i10 Magna 1.2,400000,50000,Petrol,Individual,Manual,First Owner,15
Tata Manza Aura (ABS) Quadrajet BS IV,295000,80000,Diesel,Individual,Manual,Second Owner,13
Maruti Omni LPG STD BSIV,60000,135000,LPG,Individual,Manual,Fourth & Above Owner,19
Maruti Zen D PS,110000,120000,Diesel,Individual,Manual,Third Owner,22
Fiat Linea 1.3 Multijet Emotion,550000,113600,Diesel,Individual,Manual,First Owner,10
Hyundai Santro Xing GLS,190000,70000,Petrol,Individual,Manual,Third Owner,17
Ford Aspire Titanium Plus Diesel BSIV,861999,20000,Diesel,Dealer,Manual,First Owner,7
Ford Aspire Titanium Plus BSIV,782000,14000,Petrol,Dealer,Manual,First Owner,7
Ford Freestyle Titanium Plus Diesel BSIV,836000,26000,Diesel,Dealer,Manual,First Owner,7
Honda City i VTEC V,696000,138925,Petrol,Dealer,Manual,First Owner,9
Honda Jazz 1.5 VX i DTEC,596000,121764,Diesel,Dealer,Manual,First Owner,9
Honda Jazz 1.2 VX i VTEC,612000,105429,Petrol,Dealer,Manual,First Owner,9
Maruti Alto 800 LXI,114999,35000,Petrol,Individual,Manual,First Owner,10
Tata Bolt Quadrajet XE,340000,60000,Diesel,Individual,Manual,First Owner,8
Maruti Swift ZXI Plus,550000,5000,Petrol,Individual,Manual,First Owner,5
Chevrolet Aveo U-VA 1.2 LT,114999,70000,Petrol,Individual,Manual,Third Owner,17
Maruti Wagon R VXI,105000,80000,Petrol,Individual,Manual,First Owner,25
Maruti Vitara Brezza ZDi,890000,20000,Diesel,Individual,Manual,First Owner,6
Tata Nexon 1.2 Revotron XZ Plus,715000,8000,Petrol,Individual,Manual,First Owner,6
Hyundai i20 Asta (o),525000,54000,Petrol,Dealer,Manual,Second Owner,11
Hyundai i20 Asta 1.2,475000,23122,Petrol,Dealer,Manual,Second Owner,11
Chevrolet Cruze LT,349000,44500,Diesel,Dealer,Manual,Second Owner,13
Volkswagen Polo GTI,825000,13599,Petrol,Dealer,Automatic,First Owner,8
Mahindra Scorpio SLE BSIV,550000,100000,Diesel,Individual,Manual,Second Owner,11
Maruti Swift 1.3 VXI ABS,95000,110000,Petrol,Individual,Manual,Third Owner,19
Toyota Innova 2.5 G (Diesel) 7 Seater,725000,90000,Diesel,Individual,Manual,Second Owner,11
Tata Tigor 1.2 Revotron XZ Option,670000,17000,Petrol,Individual,Manual,First Owner,6
Maruti Alto LX,65000,140000,Petrol,Individual,Manual,First Owner,17
Mahindra Xylo D4,500000,50000,Diesel,Individual,Manual,Second Owner,10
Mahindra KUV 100 mFALCON G80 K8 5str,600000,53000,Petrol,Individual,Manual,First Owner,8
Maruti Wagon R VXI Optional,350000,70000,Petrol,Individual,Manual,Second Owner,8
Chevrolet Beat Diesel LT,200000,70000,Diesel,Individual,Manual,Second Owner,13
Hyundai EON Sportz,150000,80000,Petrol,Individual,Manual,First Owner,13
Maruti Zen D PS,75000,110000,Diesel,Individual,Manual,Second Owner,22
Honda Amaze EX i-Dtech,350000,90000,Diesel,Individual,Manual,Second Owner,12
Toyota Innova Crysta 2.4 VX MT 8S BSIV,1700000,15000,Diesel,Individual,Manual,First Owner,7
BMW X1 sDrive20d,890000,86000,Diesel,Individual,Automatic,Second Owner,14
Mahindra Scorpio M2DI,500000,120000,Diesel,Individual,Manual,First Owner,11
Hyundai Elite i20 Sportz Plus Dual Tone BSIV,600000,5200,Petrol,Individual,Manual,First Owner,6
Chevrolet Beat LS,99000,60000,Petrol,Individual,Manual,Second Owner,15
Hyundai i10 Era 1.1 iTech SE,235000,46000,Petrol,Individual,Manual,First Owner,14
Tata Indigo GLX,75000,40000,Petrol,Individual,Manual,Second Owner,19
Honda City i DTEC VX,600000,90000,Diesel,Individual,Manual,Second Owner,11
Hyundai Verna CRDi 1.6 SX,1000000,25000,Diesel,Individual,Manual,Second Owner,6
Hyundai Verna 1.6 SX,390000,90000,Diesel,Individual,Manual,First Owner,13
Volkswagen Polo 1.5 TDI Highline,600000,70000,Diesel,Individual,Manual,First Owner,10
Hyundai i20 1.2 Spotz,600000,70000,Petrol,Individual,Manual,Second Owner,8
Hyundai Elite i20 Magna Plus Diesel,730000,35000,Diesel,Individual,Manual,Second Owner,6
Hyundai Grand i10 1.2 Kappa Magna AT,450000,12700,Petrol,Individual,Automatic,First Owner,8
Maruti Ritz LDi,250000,80000,Diesel,Individual,Manual,First Owner,14
Mahindra XUV500 W10 2WD,1400000,20000,Diesel,Individual,Manual,First Owner,7
Renault KWID 1.0 RXT Optional,300000,20000,Petrol,Individual,Manual,First Owner,7
Ford EcoSport 1.5 Petrol Titanium BSIV,800000,19000,Petrol,Individual,Manual,First Owner,8
Fiat Grande Punto Active (Diesel),125000,95000,Diesel,Individual,Manual,Second Owner,16
Volkswagen Polo Diesel Trendline 1.2L,295000,90000,Diesel,Individual,Manual,First Owner,13
Ford Ecosport 1.0 Ecoboost Platinum Edition BSIV,650000,45839,Petrol,Dealer,Manual,First Owner,12
Chevrolet Aveo 1.4 LS,200000,74510,Petrol,Dealer,Manual,First Owner,15
Chevrolet Aveo U-VA 1.2 LS,130000,87293,Petrol,Dealer,Manual,First Owner,16
Ford Figo Diesel EXI,250000,156040,Diesel,Dealer,Manual,First Owner,13
Ford Endeavour 2.5L 4X2 MT,400000,93415,Diesel,Dealer,Manual,First Owner,21
Ford Aspire Titanium BSIV,430000,101159,Petrol,Dealer,Manual,First Owner,8
Hyundai EON 1.0 Kappa Magna Plus,170000,80000,Petrol,Individual,Manual,Second Owner,10
Tata Tiago 2019-2020 XZ,450000,12000,Petrol,Individual,Manual,First Owner,6
Maruti Swift ZXI,350000,90000,Petrol,Individual,Manual,First Owner,12
Chevrolet Spark 1.0 LT,130000,68519,Petrol,Dealer,Manual,First Owner,14
Chevrolet Beat Diesel LS,180000,55130,Diesel,Dealer,Manual,First Owner,13
Ford Ecosport 1.0 Ecoboost Titanium Optional,475000,65239,Petrol,Dealer,Manual,First Owner,11
Volkswagen Polo 1.2 MPI Comfortline,470000,58182,Petrol,Dealer,Manual,First Owner,10
Ford Fiesta Diesel Trend,200000,91245,Diesel,Dealer,Manual,First Owner,13
Mahindra XUV500 W8 2WD,650000,102989,Diesel,Dealer,Manual,First Owner,12
Honda City 1.5 E MT,400000,50000,Petrol,Individual,Manual,First Owner,15
Maruti Zen VXI,100000,120000,Petrol,Individual,Manual,First Owner,25
Maruti Swift Dzire VDI,409999,90000,Diesel,Individual,Manual,First Owner,11
Maruti Swift VDI BSIV,640000,25000,Diesel,Individual,Manual,First Owner,7
Maruti Wagon R LXI Minor,160000,80000,Petrol,Individual,Manual,Second Owner,18
Maruti Baleno Zeta 1.3,750000,70000,Diesel,Individual,Manual,First Owner,7
Mahindra Jeep MM 550 XDB,150000,50000,Diesel,Individual,Manual,Third Owner,23
Maruti Alto STD,80000,100000,Petrol,Individual,Manual,Second Owner,17
Maruti Celerio VDi,240000,90000,Diesel,Individual,Manual,Third Owner,9
Maruti Esteem Lxi,60000,60000,Petrol,Individual,Manual,Third Owner,20
Maruti Alto LX,70000,120000,Petrol,Individual,Manual,Third Owner,18
Volkswagen Jetta 1.9 Highline TDI,285000,90000,Diesel,Individual,Automatic,Second Owner,17
Maruti Swift VDI BSIV,350000,60000,Diesel,Individual,Manual,Second Owner,10
Hyundai i20 Active 1.4 SX with AVN,699000,30000,Diesel,Individual,Manual,Second Owner,10
Ford Figo Diesel ZXI,275000,108000,Diesel,Individual,Manual,Second Owner,14
Hyundai i20 1.4 CRDi Magna,350000,160000,Diesel,Individual,Manual,Second Owner,13
Maruti Alto LXi BSIII,135000,90000,Petrol,Individual,Manual,Third Owner,19
Mahindra Xylo E4 8S,325000,120000,Diesel,Individual,Manual,Third Owner,15
Mahindra XUV500 W8 2WD,650000,102000,Diesel,Individual,Manual,Second Owner,13
Mahindra Bolero SLE,300000,178000,Diesel,Individual,Manual,Second Owner,16
Toyota Innova 2.5 VX (Diesel) 8 Seater,1200000,200000,Diesel,Individual,Manual,Second Owner,11
Ford Fiesta Petrol Trend,450000,60000,Petrol,Dealer,Manual,First Owner,13
Tata Tiago 1.2 Revotron XE,425000,3000,Petrol,Individual,Manual,First Owner,6
Maruti Alto LXi,150000,75118,Petrol,Individual,Manual,Second Owner,19
Maruti Ritz LDi,290000,140000,Diesel,Individual,Manual,Second Owner,12
Hyundai Xcent 1.2 Kappa Base,335000,60000,Petrol,Individual,Manual,Second Owner,11
Chevrolet Optra 1.6,120000,79000,Petrol,Dealer,Manual,Fourth & Above Owner,19
Ford Ikon 1.6 ZXI NXt,20000,25000,Petrol,Individual,Manual,Second Owner,20
Tata Indigo LS,220000,70000,Diesel,Individual,Manual,Second Owner,13
Ford Ikon 1.3 Flair,61000,4637,Petrol,Individual,Manual,Second Owner,20
Maruti Swift VDI BSIV,620000,70000,Diesel,Individual,Manual,First Owner,9
Maruti Swift Dzire LDIX Limited Edition,425000,100000,Diesel,Individual,Manual,Second Owner,11
Tata Indica Vista Aqua 1.3 Quadrajet,85000,120000,Diesel,Individual,Manual,Second Owner,16
Maruti Swift 1.3 DLX,270000,40000,Diesel,Individual,Manual,Second Owner,10
Maruti Swift Vdi BSIII,180000,220000,Diesel,Individual,Manual,First Owner,16
Mahindra KUV 100 mFALCON G80 K2,450000,30000,Petrol,Individual,Manual,First Owner,8
Tata New Safari DICOR 2.2 VX 4x4,450000,42655,Diesel,Individual,Manual,First Owner,13
Renault KWID 1.0 RXL,250000,43000,Petrol,Individual,Manual,Second Owner,8
Toyota Innova 2.5 VX 8 STR BSIV,725000,70000,Diesel,Individual,Manual,First Owner,13
Hyundai i20 Magna,250000,55000,Petrol,Individual,Manual,First Owner,15
Fiat Punto 1.3 Active,99000,80000,Diesel,Individual,Manual,Second Owner,15
Renault KWID 1.0,350000,55000,Petrol,Individual,Manual,First Owner,8
Hyundai Xcent 1.2 VTVT E Plus,511000,70000,Petrol,Individual,Manual,First Owner,7
Maruti Ritz VDi,300000,80000,Diesel,Individual,Manual,First Owner,13
Audi Q5 2.0 TFSI Quattro,1100000,110000,Petrol,Individual,Automatic,First Owner,15
Hyundai i10 Sportz 1.2,125000,60000,Petrol,Individual,Manual,Third Owner,15
Tata Tiago 1.2 Revotron XZ,500000,30000,Petrol,Individual,Manual,First Owner,7
Renault Duster 85PS Diesel RxL,385000,80000,Diesel,Individual,Manual,Second Owner,12
Skoda Rapid 1.6 MPI Elegance,350000,90000,Petrol,Individual,Manual,First Owner,13
Maruti 800 Std BSIII,60000,50000,Petrol,Individual,Manual,First Owner,22
Hyundai Santro Xing GLS,300000,50000,Petrol,Individual,Manual,First Owner,13
Hyundai i20 1.4 CRDi Asta,400000,70000,Diesel,Individual,Manual,First Owner,13
Ford Ecosport 1.5 DV5 MT Titanium,550000,110000,Diesel,Individual,Manual,First Owner,11
Nissan Sunny XL,300000,80000,Petrol,Individual,Manual,Second Owner,13
Maruti Swift VDI,250000,156000,Diesel,Individual,Manual,First Owner,13
Toyota Innova 2.5 GX 7 STR,800000,180000,Diesel,Individual,Manual,First Owner,13
Maruti Eeco 5 Seater AC BSIV,300000,25000,Petrol,Individual,Manual,First Owner,7
Maruti Alto LX,80000,120000,Petrol,Individual,Manual,First Owner,21
Mahindra Scorpio S5 BSIV,1200000,11000,Diesel,Individual,Manual,First Owner,5
Renault KWID AMT,355000,40000,Petrol,Individual,Automatic,First Owner,8
Maruti Swift Dzire VDI,520000,50000,Diesel,Individual,Manual,First Owner,10
Hyundai Verna 1.6 CRDI,500000,26000,Diesel,Individual,Manual,First Owner,13
Maruti Alto LXi,114999,30000,Petrol,Individual,Manual,First Owner,17
Toyota Fortuner 4x2 Manual,1800000,50000,Diesel,Individual,Manual,First Owner,11
Mahindra TUV 300 T6 Plus,800000,20000,Diesel,Individual,Manual,First Owner,7
Maruti Alto LXi BSIII,105000,30000,Petrol,Individual,Manual,Second Owner,17
Maruti Alto LXi,135000,78000,Petrol,Individual,Manual,First Owner,14
Maruti Wagon R VXI BS IV,170000,40000,Petrol,Individual,Manual,Second Owner,14
Hyundai Verna 1.6 SX VTVT,550000,100000,Petrol,Individual,Manual,First Owner,11
Honda City 1.5 V MT,250000,70000,Petrol,Individual,Manual,Third Owner,16
Hyundai Elantra CRDi SX,650000,30000,Diesel,Individual,Manual,Second Owner,11
Honda City 1.5 V AT Exclusive,210000,77000,Petrol,Individual,Automatic,Third Owner,17
Volkswagen Vento Diesel Highline,260000,150000,Diesel,Individual,Manual,First Owner,14
Maruti Swift Dzire ZDI,750000,69000,Diesel,Individual,Manual,First Owner,9
Toyota Innova Crysta 2.8 GX AT BSIV,1350000,120000,Diesel,Individual,Automatic,First Owner,9
Maruti Ritz VDi,220000,120000,Diesel,Individual,Manual,Second Owner,13
Hyundai Getz 1.3 GLS,110000,110000,Petrol,Individual,Manual,Second Owner,17
Mahindra XUV500 AT W8 FWD,1230000,70000,Diesel,Individual,Automatic,First Owner,8
Mahindra Quanto C6,220000,110000,Diesel,Individual,Manual,First Owner,12
Tata Indigo LX Dicor,130000,50000,Diesel,Individual,Manual,First Owner,16
Hyundai i20 1.2 Magna,330000,44000,Petrol,Individual,Manual,First Owner,13
Honda City 1.5 S MT,254999,90000,Petrol,Individual,Manual,Second Owner,15
Hyundai Verna 1.6 SX VTVT (O),600000,50000,Petrol,Individual,Manual,Second Owner,11
Hyundai i10 Magna,210000,50000,Petrol,Individual,Manual,First Owner,13
Chevrolet Enjoy TCDi LT 7 Seater,300000,146000,Diesel,Individual,Manual,First Owner,11
Tata Tiago 1.2 Revotron XTA,426000,15000,Petrol,Individual,Automatic,First Owner,7
Maruti Alto K10 VXI,265000,60000,Petrol,Individual,Manual,First Owner,10
Hyundai Xcent 1.2 Kappa SX,450000,35000,Petrol,Individual,Manual,Second Owner,9
Hyundai Verna 1.6 SX,480000,80000,Diesel,Individual,Manual,First Owner,13
Tata Nano Lx,40000,90000,Petrol,Individual,Manual,First Owner,15
Honda City 1.5 S MT,395000,70000,Petrol,Individual,Manual,Second Owner,14
Maruti Wagon R VXI BS IV,229999,62000,Petrol,Individual,Manual,Second Owner,12
Ford Ecosport 1.5 Petrol Titanium Plus AT,875000,10000,Petrol,Individual,Automatic,First Owner,7
Maruti Eeco 5 STR With AC Plus HTR CNG,170000,80000,CNG,Individual,Manual,Fourth & Above Owner,15
Hyundai i20 Sportz 1.2,500000,35000,Petrol,Individual,Manual,Second Owner,10
Maruti Ignis 1.2 Sigma BSIV,450000,40000,Petrol,Individual,Manual,First Owner,6
Maruti Ertiga VDI,550000,120000,Diesel,Individual,Manual,Third Owner,13
Tata Manza Aura Safire BS IV,200000,60000,Petrol,Individual,Manual,First Owner,12
Tata Indica GLS BS IV,80000,90000,Petrol,Individual,Manual,Second Owner,17
Tata New Safari DICOR 2.2 EX 4x2,300000,250000,Diesel,Individual,Manual,Second Owner,15
Ford Aspire Titanium Plus Diesel BSIV,675000,15000,Diesel,Individual,Manual,First Owner,6
Maruti Eeco 7 Seater Standard BSIV,260000,30000,Petrol,Individual,Manual,First Owner,8
Maruti Wagon R LXI,70000,117000,Petrol,Individual,Manual,Second Owner,24
Maruti Alto LX,100000,70000,Petrol,Individual,Manual,First Owner,21
Toyota Innova 2.5 VX (Diesel) 7 Seater,730000,110000,Diesel,Individual,Manual,Second Owner,13
Nissan Terrano XL 85 PS,525000,100000,Diesel,Individual,Manual,Second Owner,9
Nissan Terrano XL 85 PS,525000,105000,Diesel,Individual,Manual,Second Owner,9
Toyota Innova 2.5 V Diesel 7-seater,550000,182000,Diesel,Individual,Manual,Third Owner,16
Toyota Corolla Altis Diesel D4DJ,420000,95000,Diesel,Individual,Manual,Second Owner,13
Honda Amaze SX i-VTEC,500000,70000,Petrol,Individual,Manual,First Owner,10
Maruti Wagon R LXI Minor,165000,76000,Petrol,Individual,Manual,Second Owner,16
Hyundai Verna 1.6 SX,650000,70000,Diesel,Individual,Manual,Second Owner,11
Chevrolet Beat Diesel LT,195000,46000,Diesel,Individual,Manual,First Owner,12
Maruti Zen LX,75000,70000,Petrol,Individual,Manual,First Owner,26
Maruti Esteem Lxi - BSIII,90000,90000,Petrol,Individual,Manual,First Owner,19
Hyundai Xcent 1.1 CRDi Base,515000,50000,Diesel,Individual,Manual,First Owner,9
Honda Jazz 1.5 VX i DTEC,700000,24585,Diesel,Dealer,Manual,Test Drive Car,8
Maruti Zen LX,62000,70000,Petrol,Individual,Manual,First Owner,24
Toyota Etios GD SP,220000,110000,Diesel,Individual,Manual,Third Owner,14
Hyundai Santro Magna CNG BSIV,520000,10000,CNG,Individual,Manual,First Owner,6
Fiat Linea Emotion,170000,100000,Petrol,Individual,Manual,First Owner,15
Ford Figo Diesel Titanium,190000,110000,Diesel,Individual,Manual,Second Owner,14
Ford Figo Diesel Titanium,150000,100000,Diesel,Individual,Manual,Second Owner,14
Maruti Zen Estilo LXI BS IV,125000,65000,Petrol,Individual,Manual,First Owner,16
Honda Amaze EX i-Dtech,290000,40000,Diesel,Individual,Manual,Third Owner,10
Maruti Celerio X ZXI BSIV,490000,13900,Petrol,Individual,Manual,First Owner,6
Tata Tigor 1.2 Revotron XZ Option,434999,17563,Petrol,Individual,Manual,First Owner,8
Tata Zest Revotron 1.2T XE,380000,15000,Petrol,Individual,Manual,First Owner,9
Volkswagen Polo Diesel Trendline 1.2L,200000,82000,Diesel,Individual,Manual,Second Owner,13
Ford Figo 1.5D Trend MT,495000,40000,Diesel,Individual,Manual,First Owner,9
Toyota Innova 2.5 Z Diesel 7 Seater BS IV,894999,173000,Diesel,Individual,Manual,Third Owner,11
Mahindra XUV500 W6 2WD,600000,151000,Diesel,Individual,Manual,Second Owner,11
Honda Brio S MT,300000,50000,Petrol,Individual,Manual,First Owner,10
Honda Amaze E i-VTEC,430000,15000,Petrol,Individual,Manual,First Owner,8
Honda Amaze E i-DTEC,370000,80000,Diesel,Individual,Manual,First Owner,8
Maruti Baleno Zeta 1.2,750000,11000,Petrol,Individual,Manual,First Owner,6
Maruti Alto K10 LXI CNG Optional,300000,50000,CNG,Individual,Manual,First Owner,9
BMW X1 sDrive20d,700000,120000,Diesel,Individual,Automatic,Second Owner,13
Maruti Wagon R LXI DUO BSIII,100000,70000,LPG,Individual,Manual,Third Owner,18
Hyundai Grand i10 Sportz,300000,90000,Petrol,Individual,Manual,First Owner,10
Tata Indica Vista Quadrajet VX,130000,185000,Diesel,Individual,Manual,Second Owner,13
Hyundai i20 Asta Option 1.4 CRDi,650000,40000,Diesel,Individual,Manual,First Owner,9
Maruti Swift VDI BSIV,509999,25000,Diesel,Individual,Manual,First Owner,8
Toyota Innova 2.5 VX (Diesel) 7 Seater,1000000,117780,Diesel,Individual,Manual,Second Owner,12
Hyundai Verna CRDi SX,280000,120000,Diesel,Individual,Manual,Second Owner,15
Maruti Swift DDiS VDI,600000,120000,Diesel,Individual,Manual,First Owner,8
Skoda Rapid 1.6 TDI Ambition,210000,120000,Diesel,Individual,Manual,Third Owner,12
Audi Q3 2.0 TDI Quattro Premium Plus,1150000,110000,Diesel,Individual,Automatic,Second Owner,11
Hyundai EON Magna Plus,245000,30000,Petrol,Individual,Manual,First Owner,7
Hyundai Grand i10 Sportz,375000,25000,Petrol,Individual,Manual,First Owner,9
Mahindra Scorpio 1.99 S10,150000,55000,Diesel,Individual,Manual,Second Owner,10
Mahindra XUV500 W10 2WD,1450000,20000,Diesel,Individual,Manual,First Owner,7
Maruti Ertiga VDI,500000,100000,Diesel,Individual,Manual,Second Owner,11
Maruti Alto LXi,75000,40000,Petrol,Individual,Manual,Second Owner,18
Hyundai Sonata AT Leather,225000,80000,Petrol,Individual,Automatic,Third Owner,19
Hyundai Sonata 2.4L AT,275000,80000,Petrol,Individual,Automatic,Fourth & Above Owner,19
Mahindra Bolero Power Plus SLX,620000,35000,Diesel,Individual,Manual,First Owner,7
Nissan X-Trail SLX MT,600000,110000,Diesel,Individual,Manual,Second Owner,15
Mahindra Xylo E8 ABS Airbag BSIV,275000,160000,Diesel,Individual,Manual,First Owner,14
Tata Indigo TDI,125000,125000,Diesel,Individual,Manual,First Owner,12
Tata Indigo GLS,80000,62000,Petrol,Individual,Manual,Second Owner,14
Nissan Micra Diesel XV,199000,120000,Diesel,Individual,Manual,Second Owner,14
Nissan Micra XL,440000,33000,Petrol,Individual,Manual,Second Owner,9
Maruti Swift Dzire LDI,250000,80000,Diesel,Individual,Manual,Fourth & Above Owner,12
Hyundai i20 1.4 Sportz,700000,35000,Diesel,Individual,Manual,First Owner,8
Hyundai Grand i10 CRDi Asta Option,450000,50000,Diesel,Individual,Manual,First Owner,10
Maruti Alto 800 Std Optional,240000,5000,Petrol,Individual,Manual,First Owner,6
Ford EcoSport 1.5 TDCi Titanium BSIV,650000,81595,Diesel,Dealer,Manual,First Owner,9
Hyundai Getz GLS ABS,71000,22000,Petrol,Individual,Manual,First Owner,20
Maruti Swift VXI Optional,400000,40000,Petrol,Individual,Manual,First Owner,10
Maruti Alto LXi BSIII,130000,40000,Petrol,Individual,Manual,Second Owner,17
Mahindra Scorpio 2.6 CRDe SLE,300000,70000,Diesel,Individual,Manual,Second Owner,12
Nissan Kicks XL D BSIV,1100000,4000,Diesel,Individual,Manual,First Owner,6
BMW 3 Series 320d Luxury Line,2200000,24000,Diesel,Individual,Automatic,First Owner,10
Honda Amaze VX i-VTEC,800000,13500,Petrol,Dealer,Manual,First Owner,7
Maruti Ritz VDI (ABS) BS IV,490000,40000,Diesel,Individual,Manual,First Owner,12
Honda Jazz 1.2 VX i VTEC,836000,9700,Petrol,Dealer,Manual,First Owner,7
Volkswagen Polo Petrol Comfortline 1.2L,375000,62000,Petrol,Individual,Manual,Second Owner,13
Honda BR-V i-DTEC VX MT,1249000,24000,Diesel,Dealer,Manual,First Owner,9
Honda WR-V i-DTEC VX,1240000,13000,Diesel,Dealer,Manual,First Owner,6
Tata Nano Std BSII,35000,50000,Petrol,Individual,Manual,Third Owner,16
Honda BR-V i-VTEC VX MT,1068000,36000,Petrol,Dealer,Manual,First Owner,8
Honda BR-V i-DTEC VX MT,1189000,40000,Diesel,Dealer,Manual,First Owner,8
Hyundai Elite i20 Petrol Asta Option,700000,27000,Petrol,Individual,Manual,First Owner,7
Maruti Alto K10 VXI,350000,40000,Petrol,Individual,Manual,First Owner,9
Hyundai i10 Magna 1.2,254999,80000,Petrol,Individual,Manual,Second Owner,16
Mahindra Scorpio 2.6 CRDe,229999,221000,Diesel,Individual,Manual,Third Owner,20
Hyundai i20 Asta Option 1.4 CRDi,750000,80000,Diesel,Individual,Manual,First Owner,9
Maruti Ritz VDi,325000,119000,Diesel,Individual,Manual,Second Owner,13
Toyota Innova 2.5 G4 Diesel 7-seater,760000,190000,Diesel,Individual,Manual,Second Owner,16
Maruti Celerio ZXI AT,509999,25000,Petrol,Individual,Automatic,First Owner,8
Nissan Micra XL,363000,28740,Petrol,Individual,Manual,First Owner,12
Maruti Alto K10 LXI,229999,48500,Petrol,Individual,Manual,First Owner,15
Nissan Sunny XL,290000,110000,Petrol,Individual,Manual,Second Owner,13
Maruti Swift VXI,550000,30000,Petrol,Individual,Manual,First Owner,7
Tata Indica Vista TDI LX,125000,120000,Diesel,Individual,Manual,Second Owner,14
Volvo XC60 D5 Inscription,2000000,130000,Diesel,Individual,Automatic,First Owner,11
Toyota Innova 2.5 G4 Diesel 7-seater,350000,140000,Diesel,Individual,Manual,Second Owner,17
Hyundai Verna 1.6 SX CRDi (O),390000,90000,Diesel,Individual,Manual,First Owner,14
Maruti Celerio VXI,220000,45000,Petrol,Individual,Manual,First Owner,10
Hyundai Santro Xing XG,140000,80000,Petrol,Individual,Manual,Third Owner,20
Maruti Wagon R AMT VXI Option,370000,15000,Petrol,Individual,Automatic,First Owner,7
Maruti Swift Dzire VDI,650000,20000,Diesel,Individual,Manual,First Owner,6
Maruti Alto 800 LX,280000,37000,Petrol,Individual,Manual,First Owner,8
Maruti Swift Dzire VDI,540000,80000,Diesel,Individual,Manual,First Owner,9
Ambassador Classic 2000 Dsz,50000,120000,Diesel,Individual,Manual,Fourth & Above Owner,23
Maruti Ciaz Sigma BSIV,800000,20000,Petrol,Individual,Manual,First Owner,7
Ford Figo 1.5D Titanium MT,515000,25000,Diesel,Individual,Manual,First Owner,9
Hyundai i20 1.2 Magna,220000,96000,Petrol,Individual,Manual,Third Owner,15
Chevrolet Spark 1.0 LT Option Pack w/ Airbag,165000,53000,Petrol,Dealer,Manual,First Owner,12
Fiat Linea 1.3 Emotion,221000,65000,Diesel,Dealer,Manual,First Owner,15
Chevrolet Beat LT,245000,43000,Petrol,Dealer,Manual,First Owner,10
Ford Figo 1.2P Titanium Plus MT,260000,42000,Petrol,Dealer,Manual,First Owner,13
Skoda Superb Elegance 2.0 TDI CR AT,550000,73000,Diesel,Dealer,Automatic,First Owner,14
Hyundai Grand i10 1.2 Kappa Era,434999,29000,Petrol,Dealer,Manual,First Owner,10
Tata Safari Storme EX,450000,95000,Diesel,Dealer,Manual,First Owner,12
Chevrolet Sail 1.2 Base,290000,25000,Petrol,Individual,Manual,First Owner,11
Volkswagen Vento 1.0 TSI Highline Plus,305000,53000,Petrol,Dealer,Manual,Second Owner,14
Ford Classic 1.6 Duratec LXI,265000,20000,Petrol,Dealer,Manual,First Owner,14
Honda Brio 1.2 S MT,325000,57000,Petrol,Dealer,Manual,First Owner,11
Chevrolet Cruze LTZ,550000,52000,Diesel,Dealer,Manual,First Owner,11
Maruti Zen Estilo LXI BSIII,105000,40000,Petrol,Individual,Manual,First Owner,17
Honda Brio 1.2 S MT,275000,47000,Petrol,Dealer,Manual,First Owner,13
Honda City 1.5 V MT,434999,47000,Petrol,Dealer,Manual,Second Owner,13
Hyundai Verna 1.6 CRDi SX,690000,73000,Diesel,Dealer,Manual,First Owner,9
Honda Brio V MT,249000,42000,Petrol,Dealer,Manual,Second Owner,13
Hyundai EON D Lite Plus,204999,60000,Petrol,Dealer,Manual,Third Owner,13
Maruti Wagon R VXI Optional,190000,120000,Petrol,Individual,Manual,First Owner,10
Maruti Alto LXi,150000,50000,Petrol,Individual,Manual,First Owner,13
Maruti Zen LX,70000,70000,Petrol,Individual,Manual,Fourth & Above Owner,26
Mahindra Bolero Power Plus SLX,900000,25000,Diesel,Individual,Manual,First Owner,7
Maruti Ertiga ZXI AT Petrol,950000,11000,Petrol,Individual,Automatic,First Owner,6
Maruti Swift Dzire VXI,475000,80000,Petrol,Individual,Manual,First Owner,12
Maruti 800 Std,55000,80000,Petrol,Individual,Manual,Fourth & Above Owner,27
Ford Fiesta Titanium 1.5 TDCi,450000,75000,Diesel,Individual,Manual,Second Owner,12
BMW 5 Series 525d Sedan,1200000,45000,Diesel,Individual,Automatic,Third Owner,16
Mahindra Bolero SLX,300000,100000,Diesel,Individual,Manual,Second Owner,18
Honda City i DTEC E,350000,60000,Diesel,Individual,Manual,Second Owner,11
Tata Indica Vista Quadrajet LS,229999,160000,Diesel,Individual,Manual,Second Owner,14
Hyundai Creta 1.6 Gamma SX Plus,821000,50000,Petrol,Individual,Manual,First Owner,10
Maruti Alto K10 VXI,200000,80000,Petrol,Individual,Manual,Second Owner,11
Mahindra Scorpio 1.99 S10,1000000,60000,Diesel,Individual,Manual,Second Owner,8
Maruti Alto 800 VXI,220000,60000,Petrol,Individual,Manual,Second Owner,9
Ford Figo Aspire 1.5 TDCi Trend,459999,148620,Diesel,Dealer,Manual,First Owner,10
Maruti SX4 ZDI,310000,70000,Diesel,Individual,Manual,Second Owner,13
Hyundai Elite i20 Diesel Asta Option,815000,42000,Diesel,Individual,Manual,First Owner,7
Hyundai Verna 1.6 CRDI SX Option,1200000,40000,Diesel,Individual,Manual,First Owner,8
Chevrolet Optra Magnum 2.0 LT,170000,150000,Diesel,Individual,Manual,Second Owner,14
Maruti S-Cross Alpha DDiS 200 SH,1000000,30000,Diesel,Individual,Manual,First Owner,8
Hyundai Santro Xing GLS,155000,90000,Petrol,Individual,Manual,Fourth & Above Owner,15
Mahindra TUV 300 T6 Plus,400000,120000,Diesel,Individual,Manual,First Owner,8
Mahindra Quanto C4,400000,80000,Diesel,Individual,Manual,Second Owner,9
Tata Indica Vista Aura 1.3 Quadrajet BSIV,250000,80000,Diesel,Individual,Manual,Second Owner,15
Tata Indigo GLX,150000,50000,Petrol,Individual,Manual,Third Owner,17
Hyundai Santro LP zipPlus,80000,70000,Petrol,Individual,Manual,Second Owner,23
Volkswagen Vento 1.5 TDI Comfortline AT,325000,70000,Diesel,Individual,Automatic,First Owner,11
Hyundai Elite i20 Sportz Plus CVT BSIV,738000,8000,Petrol,Individual,Automatic,First Owner,6
Maruti Alto K10 VXI,300000,30000,Petrol,Individual,Manual,First Owner,9
Tata Indica Vista Quadrajet LX,150000,110000,Diesel,Individual,Manual,First Owner,13
Toyota Innova 2.5 G4 Diesel 7-seater,440000,223000,Diesel,Individual,Manual,Fourth & Above Owner,18
Volkswagen Vento IPL II Diesel Trendline,280000,110000,Diesel,Individual,Manual,First Owner,14
Hyundai Santro GS,100000,120000,Petrol,Individual,Manual,Second Owner,19
Maruti Swift VXi BSIV,150000,100000,Petrol,Individual,Manual,Second Owner,17
Maruti Swift Dzire VDI,380000,100000,Diesel,Individual,Manual,Second Owner,11
Maruti Alto LX,90000,60000,Petrol,Individual,Manual,Second Owner,19
Mahindra Scorpio VLS 2.2 mHawk,300000,270000,Diesel,Individual,Manual,Third Owner,17
Skoda Fabia 1.2 TDI Active,275000,60000,Diesel,Individual,Manual,Second Owner,14
Maruti Zen Estilo Sports,180000,41090,Petrol,Individual,Manual,First Owner,16
Maruti Swift VDI,225000,296823,Diesel,Individual,Manual,First Owner,13
Maruti Alto 800 LXI,200000,40000,Petrol,Individual,Manual,First Owner,11
Toyota Corolla Altis G,500000,40000,Petrol,Individual,Manual,Second Owner,14
Ford Fiesta 1.6 Duratec S,300000,70000,Petrol,Individual,Manual,Second Owner,15
Hyundai Verna 1.6 CRDi SX,765000,80000,Diesel,Individual,Manual,Second Owner,10
Maruti Swift Dzire VDI,650000,90000,Diesel,Individual,Manual,First Owner,8
Maruti Wagon R VXI Plus Optional,380000,19000,Petrol,Individual,Manual,First Owner,8
Maruti Swift Dzire VDI,480000,110000,Diesel,Individual,Manual,Second Owner,11
Mahindra Jeep MM 540,200000,60000,Diesel,Individual,Manual,First Owner,29
Maruti Zen Estilo LXI Green (CNG),145000,68000,CNG,Individual,Manual,Second Owner,15
Maruti Ritz VDi,280000,120000,Diesel,Individual,Manual,Second Owner,14
Maruti Swift Dzire VDI,254999,30000,Diesel,Individual,Manual,First Owner,11
Tata Bolt Revotron XE,300000,90000,Petrol,Individual,Manual,Second Owner,9
Maruti Swift VDI BSIV,480000,140000,Diesel,Individual,Manual,Third Owner,10
Skoda Rapid Monte Carlo 1.6 MPI AT BSIV,850000,44500,Petrol,Individual,Automatic,First Owner,8
Hyundai i20 Asta 1.4 CRDi,350000,52000,Diesel,Individual,Manual,Second Owner,11
Hyundai i20 Active 1.2 SX,650000,26000,Petrol,Individual,Manual,First Owner,9
Tata New Safari 4X2,550000,80000,Petrol,Individual,Manual,Second Owner,18
Maruti Celerio VXI,300000,35000,Petrol,Individual,Manual,First Owner,10
Maruti Swift 1.3 VXi,150000,60000,Petrol,Individual,Manual,Second Owner,17
Hyundai Grand i10 Sportz,300000,120000,Petrol,Individual,Manual,First Owner,11
Hyundai Santro Xing XG,80000,58000,Petrol,Individual,Manual,First Owner,21
Tata Manza ELAN Quadrajet BS IV,180000,80000,Diesel,Individual,Manual,Third Owner,14
Ford Fiesta 1.4 ZXi TDCi ABS,110000,100000,Diesel,Individual,Manual,Fourth & Above Owner,16
Hyundai Grand i10 Sportz,425000,12000,Petrol,Individual,Manual,First Owner,10
Honda Amaze VX i-DTEC,700000,35000,Diesel,Individual,Manual,First Owner,9
Maruti Zen Estilo VXI BSIV,130000,50000,Petrol,Individual,Manual,Second Owner,15
Maruti Swift Dzire ZDI,650000,67000,Diesel,Individual,Manual,First Owner,8
Renault Duster Petrol RxL,400000,100000,Petrol,Individual,Manual,Second Owner,12
Mahindra TUV 300 mHAWK100 T8,800000,60000,Diesel,Individual,Manual,First Owner,8
Mahindra Bolero Power Plus SLX,675000,70000,Diesel,Individual,Manual,First Owner,8
Maruti Omni E MPI STD BS IV,210000,50000,Petrol,Individual,Manual,Fourth & Above Owner,8
Tata New Safari DICOR 2.2 EX 4x2,150000,120000,Diesel,Individual,Manual,Third Owner,16
Maruti Omni CNG,45000,100000,CNG,Individual,Manual,Fourth & Above Owner,18
Hyundai i20 Sportz 1.2,516000,90000,Petrol,Individual,Manual,First Owner,10
Hyundai i20 Sportz 1.2,450000,80000,Petrol,Individual,Manual,First Owner,11
Chevrolet Spark 1.0 LS,134000,90000,Petrol,Individual,Manual,Second Owner,13
Toyota Etios VD,509999,157000,Diesel,Individual,Manual,Second Owner,11
Volkswagen Polo 1.2 MPI Comfortline,500000,20000,Petrol,Individual,Manual,First Owner,9
Maruti Zen Estilo 1.1 LXI BSIII,130000,80000,Petrol,Individual,Manual,Fourth & Above Owner,17
Maruti Swift ZDi BSIV,575000,60000,Diesel,Individual,Manual,First Owner,10
Hyundai Elite i20 Sportz Plus BSIV,550000,49000,Petrol,Individual,Manual,First Owner,10
Tata Indica Vista Terra TDI BSIII,145000,89255,Diesel,Individual,Manual,First Owner,16
Maruti Alto 800 LXI,347000,5000,Petrol,Individual,Manual,First Owner,5
Tata Indica Vista Quadrajet VX,275000,110000,Diesel,Individual,Manual,First Owner,12
Toyota Innova 2.5 V Diesel 8-seater,630000,200000,Diesel,Individual,Manual,Third Owner,15
Chevrolet Beat Diesel,160000,90000,Diesel,Individual,Manual,Second Owner,13
Fiat Grande Punto 1.3 Dynamic (Diesel),150000,63000,Diesel,Individual,Manual,Third Owner,15
Honda Mobilio S i VTEC,550000,23000,Petrol,Individual,Manual,First Owner,10
Mahindra Quanto C6,349000,100000,Diesel,Individual,Manual,First Owner,12
Mahindra Bolero DI DX 8 Seater,229999,168000,Diesel,Individual,Manual,Fourth & Above Owner,21
Tata Indica Vista Aqua 1.4 TDI,110000,90000,Diesel,Individual,Manual,Third Owner,17
Maruti Wagon R LXI Minor,110000,70000,Petrol,Individual,Manual,Third Owner,17
Renault KWID RXE,245000,5550,Petrol,Individual,Manual,Second Owner,7
Maruti Alto K10 VXI,180000,100000,Petrol,Individual,Manual,Second Owner,11
Maruti Wagon R VXI BS IV,290000,80000,Petrol,Individual,Manual,Second Owner,11
Hyundai i20 Magna,250000,40000,Petrol,Individual,Manual,First Owner,15
Tata Indigo TDI,150000,100000,Diesel,Individual,Manual,First Owner,15
Maruti 800 AC BSII,55000,35000,Petrol,Individual,Manual,Third Owner,21
Skoda Laura L n K 1.9 PD,500000,75000,Diesel,Individual,Manual,Second Owner,19
Mahindra Quanto C4,290000,150000,Diesel,Individual,Manual,Fourth & Above Owner,12
Maruti Alto STD,72000,70000,Petrol,Individual,Manual,First Owner,16
Maruti Ritz VDi,250000,115000,Diesel,Individual,Manual,First Owner,11
Maruti Swift AMT VXI,575000,25000,Petrol,Individual,Automatic,First Owner,6
Kia Seltos HTK Plus AT D,1300000,10000,Diesel,Individual,Automatic,First Owner,6
Hyundai Santro Magna BSIV,425000,15000,Petrol,Individual,Manual,First Owner,6
Maruti Eeco CNG 5 Seater AC BSIV,470000,10000,CNG,Individual,Manual,First Owner,6
Toyota Etios VX,220000,80000,Petrol,Individual,Manual,Third Owner,13
Maruti Alto 800 LXI,310000,1700,Petrol,Individual,Manual,First Owner,5
Ford Figo 1.5D Trend MT,400000,45217,Diesel,Dealer,Manual,First Owner,9
Hyundai EON Magna Plus,310000,20000,Petrol,Individual,Manual,First Owner,7
Maruti Ciaz ZDi Plus SHVS,750000,50000,Diesel,Individual,Manual,First Owner,8
Tata New Safari DICOR 2.2 EX 4x2,204999,120000,Diesel,Individual,Manual,Second Owner,16
Maruti Swift 1.3 VXi,260000,50000,Petrol,Individual,Manual,First Owner,15
Maruti Alto LXi,180000,40000,Petrol,Individual,Manual,Second Owner,13
Mahindra Renault Logan 1.5 DLE Diesel,125000,110000,Diesel,Individual,Manual,Second Owner,18
Maruti Swift VDI BSIV,420000,155000,Diesel,Individual,Manual,First Owner,11
Maruti Alto K10 LXI,220000,70000,Petrol,Individual,Manual,Second Owner,14
Maruti Alto K10 2010-2014 VXI,200000,70000,Petrol,Individual,Manual,Third Owner,15
Ford Ikon 1.4 TDCi DuraTorq,130000,100000,Diesel,Individual,Manual,Third Owner,16
Tata Tiago XT,335000,41000,Petrol,Dealer,Manual,First Owner,9
Ford Endeavour Titanium Plus 4X4,2650000,60000,Diesel,Dealer,Automatic,First Owner,8
Ford Endeavour 3.2 Titanium AT 4X4,2675000,56000,Diesel,Dealer,Automatic,First Owner,7
Ford Endeavour Titanium Plus 4X4,2675000,60000,Diesel,Dealer,Automatic,First Owner,8
Honda City V AT,434999,97000,Petrol,Dealer,Automatic,Second Owner,14
Honda City i VTEC S,500000,60000,Petrol,Individual,Manual,First Owner,11
Maruti Alto K10 VXI Airbag,290000,60000,Petrol,Individual,Manual,First Owner,8
Ford Ecosport 1.5 Ti VCT AT Titanium,475000,48000,Petrol,Dealer,Automatic,Second Owner,11
Maruti Swift Dzire VDi,270000,190000,Diesel,Individual,Manual,Third Owner,16
Hyundai Xcent 1.2 VTVT S,600000,80000,Petrol,Individual,Manual,First Owner,6
Hyundai i20 Asta 1.4 CRDi,300000,70000,Diesel,Individual,Manual,Second Owner,12
Volkswagen Jetta 2.0L TDI Comfortline,415000,80000,Diesel,Individual,Manual,Second Owner,13
Maruti Vitara Brezza ZDi Plus AMT,800000,30000,Diesel,Individual,Automatic,Second Owner,7
Hyundai Grand i10 Sportz,420000,44440,Petrol,Individual,Manual,Second Owner,9
Hyundai Creta 1.6 CRDi SX Plus,1250000,30000,Diesel,Individual,Manual,First Owner,7
Maruti Swift VDI BSIV,270000,120000,Diesel,Individual,Manual,First Owner,14
Hyundai Grand i10 CRDi Sportz,390000,80000,Diesel,Individual,Manual,Second Owner,10
Skoda Laura Ambiente 2.0 TDI CR MT,400000,110000,Diesel,Individual,Manual,First Owner,13
Ford Fiesta 1.4 ZXi Leather,100000,170000,Petrol,Individual,Manual,First Owner,18
Audi A6 2.7 TDI,850000,46000,Diesel,Individual,Automatic,First Owner,15
Chevrolet Cruze LTZ AT,359000,120000,Diesel,Individual,Automatic,Third Owner,13
Maruti Swift Dzire ZDI,470000,91365,Diesel,Dealer,Manual,First Owner,10
Maruti Swift Dzire VDI,360000,90010,Diesel,Dealer,Manual,Second Owner,12
Maruti Ertiga VDI,250999,80000,Diesel,Individual,Manual,First Owner,12
Tata Nano Lx BSIV,45000,35000,Petrol,Individual,Manual,Second Owner,13
Maruti Wagon R VXI BSII,75000,80000,Petrol,Individual,Manual,Second Owner,19
Maruti Swift Dzire VDI,495000,31800,Diesel,Dealer,Manual,First Owner,12
Maruti Wagon R CNG LXI,310000,59100,CNG,Dealer,Manual,First Owner,12
Honda Jazz 1.2 V i VTEC,540000,31200,Petrol,Dealer,Manual,First Owner,9
Maruti Ciaz VDi Plus SHVS,665000,51000,Diesel,Dealer,Manual,First Owner,9
Hyundai i20 Magna 1.4 CRDi (Diesel),425000,22700,Diesel,Dealer,Manual,Second Owner,12
Audi A4 2.0 TDI,1295000,58000,Diesel,Dealer,Automatic,First Owner,14
Maruti Ciaz VDI SHVS,675000,50900,Diesel,Dealer,Manual,First Owner,9
Maruti Vitara Brezza ZDi Plus Dual Tone,980000,10000,Diesel,Individual,Manual,First Owner,7
Chevrolet Beat Diesel LS,320000,60000,Diesel,Individual,Manual,First Owner,11
Maruti Ritz VXI,250000,80000,Petrol,Individual,Manual,Second Owner,14
Maruti Baleno Zeta 1.3,600000,72000,Diesel,Individual,Manual,First Owner,9
Hyundai Xcent 1.2 Kappa S,300000,96000,Petrol,Individual,Manual,First Owner,9
Chevrolet Beat Diesel LS,305000,66000,Diesel,Individual,Manual,First Owner,11
Maruti Wagon R LXI Minor,106000,70000,Petrol,Individual,Manual,First Owner,16
Hyundai Accent GLS 1.6 ABS,90000,75000,Petrol,Individual,Manual,Third Owner,19
Tata Tiago 1.2 Revotron XZ,539000,2417,Petrol,Individual,Manual,First Owner,6
Hyundai EON Era Plus Option,250000,30000,Petrol,Individual,Manual,Second Owner,9
Mahindra Scorpio BSIV,707000,60000,Diesel,Individual,Manual,First Owner,7
Hyundai Getz GLS,95000,120000,Petrol,Individual,Manual,Fourth & Above Owner,18
Maruti Eeco CNG 5 Seater AC BSIV,495000,7000,CNG,Individual,Manual,First Owner,5
Tata Indigo TDI,200000,35000,Diesel,Individual,Manual,First Owner,13
Maruti A-Star Vxi,110000,110000,Petrol,Individual,Manual,Fourth & Above Owner,16
Maruti Alto LXi,100000,130000,Petrol,Individual,Manual,Fourth & Above Owner,17
Maruti Alto 800 LX,150000,25000,Petrol,Individual,Manual,Second Owner,9
Ford Ikon 1.3 Flair,50000,80000,Petrol,Individual,Manual,Third Owner,20
Chevrolet Aveo 1.4,85000,70000,Petrol,Individual,Manual,Second Owner,18
Hyundai Grand i10 1.2 Kappa Magna BSIV,475000,23000,Petrol,Individual,Manual,First Owner,7
Volkswagen Polo 1.2 MPI Highline,425000,40000,Petrol,Individual,Manual,First Owner,11
BMW 5 Series 530i,480000,110000,Petrol,Individual,Automatic,Second Owner,19
Maruti S-Cross Delta DDiS 200 SH,950000,10000,Diesel,Individual,Manual,First Owner,6
Maruti Swift Dzire VDI,535000,80000,Diesel,Individual,Manual,First Owner,10
Hyundai Verna CRDi SX ABS,325000,25000,Diesel,Individual,Manual,Third Owner,16
Maruti Wagon R Stingray VXI,270000,74000,Petrol,Individual,Manual,Third Owner,12
Maruti Celerio VXI,300000,60000,Petrol,Individual,Manual,Third Owner,10
Volkswagen Vento Diesel Trendline,325000,70000,Diesel,Individual,Manual,First Owner,14
Tata New Safari DICOR 2.2 EX 4x2,350000,100000,Diesel,Individual,Manual,First Owner,15
Hyundai Verna CRDi SX,229999,146000,Diesel,Individual,Manual,Third Owner,17
Maruti Swift Dzire LDi,325000,120000,Diesel,Individual,Manual,Second Owner,13
Maruti Wagon R LXI,70000,70000,Petrol,Individual,Manual,Second Owner,20
Skoda Laura Ambiente,190000,120000,Diesel,Individual,Manual,Third Owner,17
Chevrolet Cruze LTZ,345000,65500,Diesel,Individual,Manual,First Owner,14
Mahindra Scorpio 1.99 S10,1025000,70000,Diesel,Individual,Manual,First Owner,9
Maruti Alto 800 LXI,120000,50000,Petrol,Individual,Manual,First Owner,13
Maruti Alto LXi BSIII,114999,90000,Petrol,Individual,Manual,Second Owner,16
Honda City 1.5 S MT,300000,120000,Petrol,Individual,Manual,Second Owner,16
Maruti Celerio VXI,340000,56000,Petrol,Dealer,Manual,First Owner,9
Maruti Wagon R LXI,90000,70000,Petrol,Individual,Manual,Second Owner,20
Maruti Alto LX,150000,140300,Petrol,Individual,Manual,First Owner,19
Maruti Alto K10 2010-2014 VXI,115999,70000,Petrol,Individual,Manual,First Owner,15
Maruti Wagon R VXI,375000,23000,Petrol,Dealer,Manual,Second Owner,9
Maruti Zen Estilo LXI BSIII,275000,10211,Petrol,Individual,Manual,First Owner,18
Mahindra Scorpio 2.6 SLX Turbo 7 Seater,120000,120000,Diesel,Individual,Manual,Third Owner,20
Maruti Celerio ZDi,350000,120000,Diesel,Individual,Manual,First Owner,10
Maruti Celerio ZXI,409999,35000,Petrol,Individual,Manual,First Owner,8
Hyundai Verna 1.6 SX,500000,130000,Diesel,Individual,Manual,First Owner,13
Nissan Sunny Diesel XL,220000,90000,Diesel,Individual,Manual,Second Owner,12
Ford Fiesta 1.6 Duratec EXI Ltd,120000,80000,Petrol,Individual,Manual,Second Owner,17
Hyundai Santro Xing XK,70000,55000,Petrol,Individual,Manual,Second Owner,18
Maruti Swift Dzire ZXI Plus,800000,15000,Petrol,Individual,Manual,First Owner,8
Maruti Swift Dzire VDI,450000,260000,Diesel,Individual,Manual,Second Owner,11
Mahindra Scorpio SLE BSIV,525000,145000,Diesel,Individual,Manual,First Owner,13
Datsun GO Plus Remix Limited Edition,300000,35000,Petrol,Individual,Manual,First Owner,9
Hyundai i10 Magna,195000,56000,Petrol,Individual,Manual,Second Owner,17
Ford Fiesta Classic 1.4 SXI Duratorq,130000,98000,Diesel,Individual,Manual,Second Owner,18
Toyota Etios VD,300000,135000,Diesel,Individual,Manual,Second Owner,14
Maruti Alto VXi,120000,60000,Petrol,Individual,Manual,Third Owner,23
Toyota Innova 2.5 G3,450000,120000,Diesel,Individual,Manual,Third Owner,15
Tata Indigo LS,160000,102000,Diesel,Individual,Manual,Second Owner,15
Mahindra Bolero Power Plus Plus AC BSIV PS,800000,35000,Diesel,Individual,Manual,First Owner,7
Maruti 800 AC,100000,80000,Petrol,Individual,Manual,First Owner,12
Maruti Alto 800 LXI,265000,32933,Petrol,Dealer,Manual,First Owner,10
Maruti Wagon R LXI,175000,54551,Petrol,Dealer,Manual,First Owner,17
Maruti Omni 8 Seater BSIV,250999,57112,Petrol,Dealer,Manual,First Owner,11
Hyundai Xcent 1.2 VTVT S AT,471000,41025,Petrol,Dealer,Automatic,First Owner,10
Maruti Swift Dzire LDI,650000,5000,Diesel,Individual,Manual,First Owner,6
Hyundai EON Magna,225000,53122,Petrol,Dealer,Manual,Second Owner,13
Maruti Alto 800 LXI CNG,245000,64111,CNG,Dealer,Manual,First Owner,12
Maruti Ritz LXi,221000,78892,Petrol,Dealer,Manual,First Owner,14
Hyundai i20 1.2 Asta,271000,74113,Petrol,Dealer,Manual,First Owner,14
Maruti Wagon R VXI,290000,80000,Petrol,Dealer,Manual,First Owner,13
Maruti Swift VXi BSIV,525000,39000,Petrol,Dealer,Manual,First Owner,8
Volkswagen Vento 1.6 Highline,377000,84775,Petrol,Dealer,Manual,First Owner,13
Tata Nano LX SE,95000,20778,Petrol,Dealer,Manual,First Owner,13
Maruti Ertiga VDI,763000,64441,Diesel,Dealer,Manual,First Owner,10
Honda Amaze S i-Vtech,450000,43192,Petrol,Dealer,Manual,First Owner,10
Tata Nano Twist XE,140000,44416,Petrol,Dealer,Manual,First Owner,11
Maruti Ciaz VDi Plus SHVS,701000,79991,Diesel,Dealer,Manual,First Owner,9
Nissan Micra Diesel XV,277000,62601,Diesel,Dealer,Manual,Second Owner,14
Maruti Baleno Delta Automatic,520000,50000,Petrol,Individual,Automatic,First Owner,7
Ford Figo Aspire 1.5 TDCi Ambiente ABS,550000,100000,Diesel,Individual,Manual,First Owner,8
Volkswagen Vento Diesel Highline,260000,97000,Diesel,Individual,Manual,Third Owner,14
Renault Pulse RxZ,420000,100000,Diesel,Individual,Manual,First Owner,10
OpelCorsa 1.4 GL,35000,100000,Petrol,Individual,Manual,Third Owner,23
Mahindra XUV500 W7 BSIV,1150000,20000,Diesel,Individual,Manual,First Owner,7
Maruti Ciaz 1.4 Zeta,680000,46000,Petrol,Individual,Manual,First Owner,8
Maruti Swift VDI,425000,40000,Diesel,Individual,Manual,First Owner,13
Maruti Swift Dzire LDI,450000,70000,Diesel,Individual,Manual,Second Owner,11
Toyota Innova 2.5 GX (Diesel) 8 Seater BS IV,590000,89600,Diesel,Individual,Manual,Third Owner,17
Volkswagen Jetta 1.4 TSI Comfortline,936999,60800,Petrol,Individual,Manual,First Owner,8
Honda Mobilio S i DTEC,420000,104000,Diesel,Individual,Manual,Second Owner,10
Volkswagen Polo 1.5 TDI Highline,450000,80000,Diesel,Individual,Manual,Second Owner,11
Maruti 800 AC,40000,69111,Petrol,Individual,Manual,Third Owner,21
Toyota Innova 2.5 G (Diesel) 8 Seater,520000,70000,Diesel,Individual,Manual,Second Owner,11
Maruti 800 AC,80000,120000,Petrol,Individual,Manual,First Owner,18
Tata Nano CX,55000,40000,Petrol,Individual,Manual,First Owner,11
Mahindra Bolero DI DX 7 Seater,80000,100000,Diesel,Individual,Manual,Third Owner,24
Maruti Alto 800 LXI,210000,20000,Petrol,Individual,Manual,First Owner,6
Tata Tiago 1.05 Revotorq XM,260000,50000,Diesel,Individual,Manual,First Owner,8
Tata Zest Quadrajet 1.3,250000,70000,Diesel,Individual,Manual,First Owner,9
Tata Indica Vista Aqua TDI BSIII,80000,90000,Diesel,Individual,Manual,First Owner,17
Toyota Innova 2.5 GX (Diesel) 7 Seater BS IV,450000,150000,Diesel,Individual,Manual,Second Owner,15
Toyota Innova 2.5 G (Diesel) 8 Seater BS IV,310000,120000,Diesel,Individual,Manual,Second Owner,20
Ford Figo Petrol EXI,350000,90000,Petrol,Individual,Manual,Second Owner,11
Maruti SX4 VDI,320000,100000,Diesel,Individual,Manual,First Owner,14
Honda Amaze S i-DTEC,475000,90000,Diesel,Individual,Manual,First Owner,9
Tata Manza Aura (ABS) Quadrajet BS IV,220000,140000,Diesel,Individual,Manual,Second Owner,14
Tata Indica GLS BS IV,70000,60000,Petrol,Individual,Manual,First Owner,17
Chevrolet Sail Hatchback 1.3 TCDi,281000,40000,Diesel,Individual,Manual,First Owner,10
Tata Indigo Grand Dicor,211000,80000,Diesel,Individual,Manual,First Owner,12
Hyundai Elite i20 Petrol Magna Exective,550000,11000,Petrol,Individual,Manual,First Owner,7
Chevrolet Enjoy TCDi LT 8 Seater,350000,110000,Diesel,Individual,Manual,First Owner,11
Maruti Wagon R VXI AMT,420000,19890,Petrol,Dealer,Automatic,First Owner,8
Renault KWID RXT,270000,20969,Petrol,Dealer,Manual,First Owner,10
Maruti Celerio VXI,399000,20194,Petrol,Dealer,Manual,First Owner,9
Ford Figo Trend,440000,34982,Petrol,Dealer,Manual,First Owner,9
Hyundai EON Magna,250000,44588,Petrol,Dealer,Manual,First Owner,13
Ford Ecosport 1.5 Diesel Titanium,650000,57904,Diesel,Dealer,Manual,First Owner,9
Maruti Alto K10 VXI,270000,59258,Petrol,Dealer,Manual,First Owner,10
Ford Figo Trend,390000,60826,Petrol,Dealer,Manual,First Owner,9
Mahindra XUV500 W10 2WD,1500000,50000,Diesel,Individual,Manual,First Owner,7
Maruti 800 AC,225000,35000,Petrol,Individual,Manual,First Owner,11
Mahindra XUV500 W8 2WD,900000,110000,Diesel,Individual,Manual,Second Owner,10
Hyundai Tucson 2.0 e-VGT 2WD AT GL,1600000,40000,Diesel,Individual,Automatic,First Owner,7
Tata Nexon 1.2 Revotron XZ Plus Dual Tone,800000,10000,Petrol,Individual,Manual,First Owner,6
Honda Amaze E i-Dtech,320000,50000,Diesel,Individual,Manual,First Owner,12
Maruti Alto 800 LXI,300000,25000,Petrol,Individual,Manual,First Owner,9
Hyundai i20 1.2 Asta Dual Tone,740000,25000,Petrol,Individual,Manual,First Owner,7
Datsun RediGO SV 1.0,350000,1300,Petrol,Individual,Manual,First Owner,6
Datsun GO T BSIV,280000,40000,Petrol,Individual,Manual,First Owner,11
Maruti Swift Dzire AMT VDI,675000,50000,Diesel,Individual,Automatic,First Owner,7
Hyundai i10 Era 1.1 iTech SE,300000,20000,Petrol,Individual,Manual,First Owner,14
Chevrolet Captiva 2.0L VCDi,400000,76000,Diesel,Individual,Manual,Third Owner,14
Mahindra Scorpio VLX 2WD BSIV,420000,100000,Diesel,Individual,Manual,Third Owner,15
Tata New Safari 3L Dicor LX 4x2,300000,120000,Diesel,Individual,Manual,First Owner,17
Maruti Wagon R VXI Minor,170000,70000,Petrol,Individual,Manual,First Owner,15
Hyundai EON Era Plus,210000,70000,Petrol,Individual,Manual,Third Owner,11
Maruti Ertiga VDI,600000,60000,Diesel,Individual,Manual,Second Owner,10
Maruti Wagon R VXI BS IV,260000,38000,Petrol,Individual,Manual,Second Owner,11
Tata Nano Twist XT,82000,19000,Petrol,Individual,Manual,First Owner,10
Mahindra TUV 300 T8,690000,75000,Diesel,Individual,Manual,First Owner,9
Hyundai Grand i10 CRDi Asta,300000,70000,Diesel,Individual,Manual,First Owner,10
Honda BRV i-DTEC V MT,1250000,30000,Diesel,Individual,Manual,First Owner,8
Hyundai Verna CRDi 1.6 EX,799000,31707,Diesel,Individual,Manual,First Owner,8
Toyota Fortuner 3.0 Diesel,1000000,180000,Diesel,Individual,Manual,First Owner,15
Maruti Alto 800 LXI,190000,90000,Petrol,Individual,Manual,Second Owner,11
Mahindra Verito 1.5 D2 BSIII,250000,30000,Diesel,Individual,Manual,First Owner,11
Hyundai Verna 1.6 i ABS,200000,60000,Petrol,Individual,Manual,First Owner,16
Mahindra Bolero DI,300000,90000,Diesel,Individual,Manual,Second Owner,20
Tata Zest Revotron 1.2T XMS,250000,120000,Petrol,Individual,Manual,Second Owner,10
Maruti 800 AC,90000,70000,Petrol,Individual,Manual,Third Owner,17
Renault Duster 85PS Diesel RxL,700000,160000,Diesel,Individual,Manual,First Owner,9
Volvo XC60 D3 Kinetic,1750000,115992,Diesel,Dealer,Automatic,Third Owner,13
Maruti Wagon R VXI Optional,290000,110000,Petrol,Individual,Manual,Second Owner,8
Toyota Innova 2.5 Z Diesel 7 Seater BS IV,1050000,97000,Diesel,Individual,Manual,Second Owner,11
Tata Indigo LX Dicor,70000,100000,Diesel,Individual,Manual,Third Owner,17
Maruti Swift ZDi BSIV,520000,41000,Diesel,Individual,Manual,First Owner,9
Tata Indigo LS,150000,90000,Diesel,Individual,Manual,First Owner,13
Hyundai i10 Magna 1.1,120000,90000,Petrol,Individual,Manual,First Owner,17
Hyundai i20 Asta Option 1.2,600000,25000,Petrol,Individual,Manual,First Owner,9
Tata Xenon XT EX 4X4,150000,70000,Diesel,Individual,Manual,Second Owner,15
Volkswagen Vento Petrol Highline,400000,60000,Petrol,Individual,Manual,First Owner,14
Maruti Alto 800 LXI,310000,30000,Petrol,Individual,Manual,Second Owner,10
Maruti Baleno Alpha 1.2,550000,30000,Petrol,Individual,Manual,First Owner,10
Hyundai i20 Asta Option 1.4 CRDi,550000,60000,Diesel,Individual,Manual,First Owner,9
Hyundai Grand i10 CRDi Magna,320000,73000,Diesel,Individual,Manual,First Owner,12
Maruti 800 AC BSII,50000,100000,Petrol,Individual,Manual,Fourth & Above Owner,33
Maruti Vitara Brezza VDi Option,700000,50000,Diesel,Individual,Manual,Second Owner,8
Maruti Ertiga VDI,700000,110000,Diesel,Individual,Manual,Second Owner,13
Hyundai i20 1.4 Sportz,655000,84000,Diesel,Dealer,Manual,First Owner,8
Chevrolet Beat LT LPG,200000,110000,LPG,Individual,Manual,First Owner,14
Renault Duster 85PS Diesel RxL Optional,375000,150000,Diesel,Individual,Manual,First Owner,13
Hyundai Verna 1.6 SX,470000,109052,Diesel,Dealer,Manual,First Owner,13
Maruti Ciaz VDi,550000,90658,Diesel,Dealer,Manual,First Owner,10
Honda Amaze VX i-DTEC,500000,110000,Diesel,Individual,Manual,Second Owner,11
Datsun GO T Option BSIV,210000,25000,Petrol,Individual,Manual,First Owner,10
Mercedes-Benz E-Class E250 Edition E,1451000,81000,Diesel,Dealer,Automatic,First Owner,12
Hyundai Verna SX AT Diesel,245000,75000,Diesel,Dealer,Automatic,First Owner,16
Honda WR-V i-VTEC VX,700000,25552,Petrol,Dealer,Manual,Second Owner,8
Hyundai EON Magna Plus,300000,20000,Petrol,Individual,Manual,First Owner,7
Hyundai Xcent 1.2 CRDi E,350000,80000,Diesel,Individual,Manual,First Owner,8
Hyundai Elite i20 Asta Option CVT BSIV,635000,25000,Petrol,Dealer,Automatic,First Owner,8
Honda City S,325000,40700,Petrol,Individual,Manual,First Owner,13
Mahindra XUV500 AT W10 1.99 mHawk,1150000,65500,Diesel,Dealer,Automatic,First Owner,8
Tata Indigo GLE BSIII,110000,42000,Petrol,Dealer,Manual,First Owner,17
Honda City 1.5 V MT,890000,8000,Petrol,Dealer,Manual,First Owner,7
Maruti Swift 1.3 LXI,73000,80000,Petrol,Individual,Manual,Second Owner,18
Maruti Ciaz ZXi Plus,750000,6000,Petrol,Dealer,Manual,First Owner,9
Maruti Baleno Alpha 1.2,690000,11174,Petrol,Dealer,Manual,First Owner,7
Tata Indigo GLS,130000,120000,Petrol,Individual,Manual,First Owner,17
Hyundai Santro Xing GLS,85000,85000,Petrol,Individual,Manual,Second Owner,18
Hyundai Elantra 2.0 SX AT,1575000,10000,Petrol,Individual,Automatic,First Owner,7
Nissan Sunny Diesel XV,325000,105000,Diesel,Individual,Manual,First Owner,12
Honda City 1.3 EXI,85000,120000,Petrol,Individual,Manual,Second Owner,27
Hyundai Verna 1.6 CRDI SX Option,860000,30000,Diesel,Dealer,Manual,Second Owner,7
Maruti S-Cross Sigma DDiS 200 SH,690000,41000,Diesel,Individual,Manual,First Owner,8
Hyundai Elantra CRDi S,650000,54000,Diesel,Dealer,Manual,First Owner,12
Chevrolet Sail LS ABS,375000,40000,Diesel,Individual,Manual,First Owner,11
Hyundai Verna 1.6 SX CRDi (O),525000,71000,Diesel,Dealer,Manual,First Owner,12
Maruti Eeco Smiles 5 Seater AC,330000,72500,Petrol,Dealer,Manual,First Owner,9
Maruti Eeco Smiles 5 Seater AC,280000,76600,Petrol,Dealer,Manual,First Owner,12
Maruti Swift ZXI,470000,40000,Petrol,Individual,Manual,First Owner,11
Volkswagen Polo Diesel Trendline 1.2L,350000,110000,Diesel,Individual,Manual,First Owner,14
Honda City 1.5 V Elegance,480000,63000,Petrol,Dealer,Manual,First Owner,13
Hyundai Verna 1.6 CRDi SX,620000,60000,Diesel,Individual,Manual,First Owner,9
Datsun GO T BSIV,250000,58000,Petrol,Individual,Manual,First Owner,11
Chevrolet Spark 1.0,78692,80000,Petrol,Individual,Manual,Second Owner,15
Hyundai i20 Magna Optional 1.4 CRDi,350000,80000,Diesel,Individual,Manual,First Owner,13
Maruti Wagon R LX Minor,250000,70000,Petrol,Individual,Manual,Second Owner,12
Hyundai i20 1.2 Sportz,260000,97700,Petrol,Individual,Manual,Fourth & Above Owner,14
Honda Mobilio S i DTEC,640000,36000,Diesel,Individual,Manual,Second Owner,9
Tata New Safari DICOR 2.2 EX 4x2,220000,90000,Diesel,Individual,Manual,Second Owner,17
Volkswagen Vento 1.5 TDI Highline,465000,130000,Diesel,Individual,Manual,First Owner,10
Maruti Swift Vdi BSIII,229999,120000,Diesel,Individual,Manual,Second Owner,15
Maruti Wagon R VXI BS IV,425000,15000,Petrol,Individual,Manual,First Owner,7
Tata Indica GLS BS IV,95000,120000,Petrol,Individual,Manual,Third Owner,17
Hyundai EON LPG Magna Plus,170000,170000,LPG,Individual,Manual,Third Owner,13
Datsun RediGO T Option,229999,37500,Petrol,Individual,Manual,Second Owner,9
Maruti 800 Std,45000,50000,Petrol,Individual,Manual,Third Owner,26
Maruti Grand Vitara MT,479000,145000,Petrol,Individual,Manual,Third Owner,18
Hyundai EON Sportz,340000,30000,Petrol,Individual,Manual,First Owner,9
Maruti Swift Dzire ZXI,620000,35000,Petrol,Individual,Manual,First Owner,9
Tata Manza Club Class Quadrajet90 EX,270000,60000,Diesel,Individual,Manual,First Owner,13
Tata Tiago 1.05 Revotorq XZ Plus,400000,35000,Diesel,Individual,Manual,First Owner,7
Maruti Wagon R VXI Optional,260000,40000,Petrol,Individual,Manual,First Owner,10
Hyundai Santro LE zipPlus,48000,50000,Petrol,Individual,Manual,Fourth & Above Owner,22
Tata Nano Twist XE,100000,23800,Petrol,Individual,Manual,Second Owner,10
Nissan Terrano XL Plus 85 PS,490000,70000,Diesel,Individual,Manual,First Owner,10
Maruti Wagon R Duo Lxi,120000,90000,LPG,Individual,Manual,Second Owner,15
Hyundai i10 Era,125000,102000,Petrol,Individual,Manual,Second Owner,17
Maruti Alto 800 LXI,190000,5000,Petrol,Individual,Manual,First Owner,6
Fiat Linea T Jet Plus,500000,20000,Petrol,Individual,Manual,First Owner,14
Toyota Fortuner 4x2 AT,1800000,99000,Diesel,Individual,Automatic,First Owner,11
Honda Civic 1.8 V MT,320000,90000,Petrol,Individual,Manual,First Owner,17
Honda Civic 1.8 S AT,250000,47000,Petrol,Dealer,Automatic,First Owner,18
Ford Figo Diesel Titanium,105000,90000,Diesel,Individual,Manual,Third Owner,15
Hyundai i20 Active 1.2 SX,550000,20000,Petrol,Individual,Manual,First Owner,7
Hyundai Grand i10 1.2 Kappa Sportz AT,600000,1100,Petrol,Individual,Automatic,First Owner,6
Maruti Alto 800 VXI,210000,40000,Petrol,Individual,Manual,First Owner,5
Maruti Alto 800 LXI Airbag,210000,15000,Petrol,Individual,Manual,First Owner,13
Maruti Alto LXi,150000,40000,Petrol,Individual,Manual,First Owner,16
Hyundai i10 Era 1.1,125000,60000,Petrol,Individual,Manual,First Owner,17
Maruti Celerio VXI,380000,20000,Petrol,Individual,Manual,First Owner,9
Maruti Baleno Delta 1.2,600000,5000,Petrol,Individual,Manual,First Owner,6
Maruti Swift VXI Deca,490000,27000,Petrol,Individual,Manual,First Owner,9
Maruti Swift Dzire LDI,545000,38000,Diesel,Individual,Manual,Second Owner,7
Maruti Wagon R VXI BS IV,250000,25000,Petrol,Individual,Manual,First Owner,10
Hyundai Venue SX Opt Turbo BSIV,1050000,1100,Petrol,Individual,Manual,First Owner,5
Maruti Wagon R LX Minor,100000,100000,Petrol,Individual,Manual,First Owner,18
Ford Figo Diesel ZXI,250000,100000,Diesel,Individual,Manual,Second Owner,11
Maruti Wagon R LX BSIII,100000,110000,Petrol,Individual,Manual,First Owner,18
Ford Figo 1.5D Ambiente ABS MT,350000,60000,Diesel,Individual,Manual,Second Owner,9
Renault Duster 110PS Diesel RxZ Plus,370000,70000,Diesel,Individual,Manual,Second Owner,13
Maruti Zen VXi - BS III,121000,110000,Petrol,Individual,Manual,Second Owner,21
Ford Figo Aspire 1.5 Ti-VCT Titanium,570000,44077,Petrol,Dealer,Automatic,First Owner,8
Maruti Ertiga SHVS VDI,785000,24000,Diesel,Individual,Manual,First Owner,8
Maruti Ciaz S 1.3,850000,30000,Diesel,Individual,Manual,First Owner,7
Maruti Wagon R VXI BS IV,375000,30000,Petrol,Individual,Manual,Second Owner,9
Maruti Baleno Alpha 1.2,619000,40000,Petrol,Individual,Manual,First Owner,8
Chevrolet Cruze LTZ,335000,90000,Diesel,Individual,Manual,Second Owner,14
Toyota Innova 2.5 G (Diesel) 8 Seater BS IV,500000,50000,Diesel,Individual,Manual,First Owner,19
Maruti Wagon R LX,60000,100000,Petrol,Individual,Manual,Second Owner,22
Mahindra Ingenio CRDe,210000,210000,Diesel,Individual,Manual,First Owner,10
Toyota Innova Crysta 2.4 VX MT 8S BSIV,1900000,20000,Diesel,Individual,Manual,First Owner,6
Tata Indigo TDI,270000,70000,Diesel,Individual,Manual,Second Owner,12
Maruti Wagon R LXI Minor,225000,100000,Petrol,Individual,Manual,Second Owner,15
Maruti SX4 ZXI MT BSIV,150000,160000,Petrol,Individual,Manual,Second Owner,14
Chevrolet Beat Diesel LT,173000,70000,Diesel,Individual,Manual,First Owner,12
BMW 5 Series 520d Luxury Line,4800000,9422,Diesel,Individual,Automatic,First Owner,7
Volkswagen Vento 1.5 Highline Plus AT 16 Alloy,710000,110000,Diesel,Individual,Automatic,First Owner,8
Toyota Corolla Altis 1.8 GL,1500000,20000,Petrol,Individual,Manual,First Owner,6
Maruti Baleno Zeta 1.2,550000,20000,Petrol,Individual,Manual,First Owner,8
Maruti 800 AC BSIII,58000,70000,Petrol,Individual,Manual,Second Owner,17
Audi A4 1.8 TFSI,1200000,60000,Petrol,Individual,Automatic,Third Owner,13
Mahindra Scorpio M2DI,500000,150000,Diesel,Individual,Manual,First Owner,12
Maruti Swift LXi BSIV,120000,83000,Petrol,Individual,Manual,Second Owner,16
Toyota Innova 2.5 EV Diesel PS 7 Seater BSIII,300000,250000,Diesel,Individual,Manual,First Owner,13
Hyundai EON Era Plus,300000,30000,Petrol,Individual,Manual,First Owner,7
Datsun GO Plus T Option BSIV,295000,21000,Petrol,Individual,Manual,First Owner,10
Maruti Ertiga VXI CNG,587000,80000,CNG,Individual,Manual,First Owner,7
Ambassador Grand 1800 ISZ MPFI PW CL,430000,50000,Petrol,Individual,Manual,Second Owner,13
Hyundai Verna i (Petrol),123000,50000,Petrol,Individual,Manual,Second Owner,18
Skoda Laura Ambiente 2.0 TDI CR AT,450000,48500,Diesel,Individual,Automatic,Second Owner,13
Maruti Wagon R LXI Minor,130000,60000,Petrol,Individual,Manual,Third Owner,18
Tata Indica Vista Aqua 1.4 TDI,110000,90000,Diesel,Individual,Manual,Second Owner,15
Mahindra Xylo Celebration Edition BSIV,200000,240000,Diesel,Individual,Manual,Third Owner,15
Hyundai Grand i10 Magna,320000,70000,Petrol,Individual,Manual,Second Owner,10
Maruti Wagon R LXI BS IV,300000,50000,Petrol,Individual,Manual,First Owner,11
Volkswagen CrossPolo 1.2 MPI,350000,110000,Petrol,Individual,Manual,First Owner,9
Maruti Ertiga VXI Petrol,800000,50000,Petrol,Individual,Manual,First Owner,7
Hyundai Xcent 1.1 CRDi S,270000,175000,Diesel,Individual,Manual,First Owner,9
Hyundai i20 1.2 Magna Executive,540000,60000,Petrol,Individual,Manual,First Owner,8
Maruti Wagon R LXI CNG,160000,60000,CNG,Individual,Manual,Second Owner,14
Maruti SX4 VDI,340000,100000,Diesel,Individual,Manual,Second Owner,12
Maruti Eeco 5 Seater AC BSIV,350000,40000,Petrol,Individual,Manual,Second Owner,8
Volkswagen Vento Diesel Style Limited Edition,300000,100000,Diesel,Individual,Manual,First Owner,14
Maruti Ritz VDi,330000,63000,Diesel,Individual,Manual,First Owner,12
Maruti Wagon R LXI CNG,325000,80000,CNG,Individual,Manual,Second Owner,9
Maruti Swift Dzire VDI,250000,55000,Diesel,Individual,Manual,First Owner,12
Maruti Swift Star VDI,250000,55000,Diesel,Individual,Manual,First Owner,12
Chevrolet Beat LT Option,240000,60000,Petrol,Individual,Manual,First Owner,10
Hyundai Grand i10 1.2 Kappa Magna BSIV,545000,5000,Petrol,Individual,Manual,First Owner,5
Hyundai i10 Magna 1.1 iTech SE,300000,48000,Petrol,Dealer,Manual,First Owner,10
Renault KWID RXT,240000,50000,Petrol,Individual,Manual,First Owner,8
Renault KWID 1.0 RXT Optional,360000,15000,Petrol,Individual,Manual,First Owner,7
Hyundai i20 1.4 CRDi Magna,250000,70000,Diesel,Individual,Manual,First Owner,13
Skoda Laura Elegance 2.0 TDI CR AT,475000,105000,Diesel,Dealer,Automatic,First Owner,6
Hyundai i20 Asta Option 1.4 CRDi,600000,50000,Diesel,Individual,Manual,Second Owner,9
Tata Indigo CR4,150000,80000,Diesel,Individual,Manual,Second Owner,15
Ford EcoSport 1.5 Diesel Trend BSIV,700000,50000,Diesel,Individual,Manual,First Owner,8
Mahindra XUV500 W6 2WD,1290000,5000,Diesel,Individual,Manual,First Owner,9
Maruti Celerio ZXI AMT BSIV,500000,10000,Petrol,Individual,Automatic,First Owner,7
Hyundai Santro Xing GLS,193000,45000,Petrol,Individual,Manual,Second Owner,13
Honda City i VTEC V,800000,10000,Petrol,Individual,Manual,First Owner,10
Maruti Wagon R LXI Minor,150000,50000,Petrol,Individual,Manual,First Owner,17
Maruti 800 AC,80000,40000,Petrol,Individual,Manual,Fourth & Above Owner,23
Ford Figo Diesel EXI,130000,100000,Diesel,Individual,Manual,Third Owner,15
Ford Figo Diesel EXI,280000,80000,Diesel,Individual,Manual,Second Owner,13
Mahindra Xylo D2 BS IV,229999,110000,Diesel,Individual,Manual,Second Owner,14
Maruti Zen Estilo VXI BSIII,80000,120000,Petrol,Individual,Manual,First Owner,17
Tata Nano Cx BSIII,70000,10000,Petrol,Individual,Manual,First Owner,15
Maruti Ritz VDi,240000,60000,Diesel,Individual,Manual,Second Owner,12
Mahindra Xylo E8,380000,72000,Diesel,Individual,Manual,Second Owner,15
Hyundai Santro Xing XO,80000,110000,Petrol,Individual,Manual,First Owner,19
Hyundai i10 Era,265000,50000,Petrol,Individual,Manual,First Owner,12
Hyundai EON Magna Plus Option,320000,25000,Petrol,Individual,Manual,First Owner,7
Nissan Terrano XL 110 PS,500000,120000,Diesel,Individual,Manual,Third Owner,11
Hyundai Creta 1.6 CRDi SX Option,1300000,55000,Diesel,Individual,Manual,First Owner,9
Mahindra Scorpio S11 BSIV,1500000,35000,Diesel,Individual,Manual,First Owner,7
Toyota Innova Crysta 2.8 ZX AT BSIV,1800000,110000,Diesel,Individual,Automatic,First Owner,9
Mahindra XUV500 W6 2WD,600000,80000,Diesel,Individual,Manual,Second Owner,11
Tata Tiago 1.2 Revotron XT,420000,80000,Petrol,Individual,Manual,First Owner,7
Maruti Zen Estilo LXI BS IV,140000,120000,Petrol,Individual,Manual,First Owner,16
Skoda Laura Ambiente 2.0 TDI CR MT,300000,100000,Diesel,Individual,Manual,Second Owner,15
Hyundai Santro Xing XL eRLX Euro III,100000,60000,Petrol,Dealer,Manual,Second Owner,19
Maruti Alto K10 VXI,350000,25000,Petrol,Dealer,Manual,First Owner,8
Ford EcoSport 1.5 Ti VCT MT Titanium BE BSIV,850000,19000,Petrol,Dealer,Manual,First Owner,7
Maruti Alto LX,140000,54000,Petrol,Dealer,Manual,First Owner,17
Ford Aspire Titanium Plus BSIV,550000,17100,Petrol,Dealer,Manual,Second Owner,10
Hyundai Grand i10 Asta Option AT,525000,19000,Petrol,Dealer,Automatic,First Owner,8
Ford Ecosport 1.5 DV5 MT Titanium,470000,146000,Diesel,Dealer,Manual,First Owner,10
Ford Endeavour 3.0L 4X4 AT,900000,98000,Diesel,Dealer,Automatic,First Owner,12
Ford Endeavour 2.5L 4X2,500000,224642,Diesel,Dealer,Manual,Second Owner,14
Maruti Zen LXI,80000,120000,Petrol,Individual,Manual,Second Owner,27
Mahindra Verito 1.5 D2 BSIII,175000,175000,Diesel,Individual,Manual,First Owner,14
Mahindra XUV500 AT W10 AWD,1350000,15000,Diesel,Individual,Automatic,Second Owner,8
Renault Duster 110PS Diesel RxZ,800000,50000,Diesel,Individual,Manual,First Owner,8
Datsun RediGO 1.0 S,250000,15000,Petrol,Individual,Manual,First Owner,8
Maruti Ignis 1.2 AMT Alpha BSIV,700000,25000,Petrol,Individual,Automatic,First Owner,7
Tata Nexon 1.5 Revotorq XM,800000,25000,Diesel,Individual,Manual,First Owner,6
Mahindra XUV500 W6 2WD,660000,69000,Diesel,Individual,Manual,First Owner,12
Maruti Swift VDI BSIV,465000,60000,Diesel,Individual,Manual,Third Owner,10
Mahindra Scorpio 2.6 CRDe,180000,222435,Diesel,Individual,Manual,Second Owner,19
Maruti Swift Dzire VDI,600000,66000,Diesel,Individual,Manual,Third Owner,8
Ford Fiesta 1.4 ZXi Duratec,150000,110000,Petrol,Individual,Manual,First Owner,15
Hyundai Verna 1.6 SX,450000,78000,Diesel,Individual,Manual,Second Owner,11
Hyundai Elite i20 Sportz Plus BSIV,721000,10000,Petrol,Individual,Manual,First Owner,6
Maruti Swift 1.2 DLX,300000,35000,Petrol,Individual,Manual,First Owner,7
Mahindra Scorpio BSIV,1000000,10000,Diesel,Individual,Manual,First Owner,6
Renault KWID RXT,300000,40000,Petrol,Individual,Manual,First Owner,9
Mahindra Scorpio LX,450000,120000,Diesel,Individual,Manual,First Owner,12
Maruti Esteem AX,79000,70000,Petrol,Individual,Automatic,First Owner,28
Ford Figo 1.5D Trend MT,545000,40000,Diesel,Individual,Manual,First Owner,8
Honda Amaze V Diesel BSIV,844999,20000,Diesel,Individual,Manual,First Owner,7
Skoda Rapid 1.5 TDI Ambition,700000,93000,Diesel,Individual,Manual,First Owner,9
Toyota Etios VD,650000,159000,Diesel,Individual,Manual,First Owner,9
Ford Ecosport 1.5 DV5 MT Titanium,525000,75000,Diesel,Individual,Manual,Second Owner,11
Ford Fiesta Classic 1.4 SXI Duratorq,110000,101100,Diesel,Individual,Manual,Third Owner,19
Tata Indica Vista Aqua 1.3 Quadrajet BSIV,180000,66000,Diesel,Individual,Manual,First Owner,14
Hyundai i10 Era,280000,30000,Petrol,Individual,Manual,Second Owner,13
Renault KWID 1.0 RXT Optional,400000,10000,Petrol,Individual,Manual,First Owner,6
Mahindra XUV500 W8 4WD,625000,126000,Diesel,Individual,Manual,Second Owner,13
Volkswagen Vento 1.5 TDI Highline,535000,70000,Diesel,Individual,Manual,First Owner,10
Maruti Swift VDI Optional,459999,50000,Diesel,Individual,Manual,First Owner,8
Mahindra Bolero DI,300000,100000,Diesel,Individual,Manual,First Owner,15
Honda Civic 1.8 V AT,280000,60000,Petrol,Individual,Automatic,First Owner,18
Honda Mobilio V i VTEC,500000,70000,Petrol,Individual,Manual,First Owner,11
Hyundai Creta 1.6 SX,1200000,1200,Petrol,Individual,Manual,First Owner,6
Hyundai i10 Sportz AT,180000,134444,Petrol,Individual,Automatic,Second Owner,14
Maruti Alto LXi,78000,120000,Petrol,Individual,Manual,Second Owner,16
Nissan Micra Diesel XV Premium,160000,120000,Diesel,Individual,Manual,First Owner,14
Mahindra Scorpio VLX 2WD AIRBAG BSIV,600000,238000,Diesel,Individual,Manual,First Owner,11
Maruti Wagon R LXI Minor,110000,100000,Petrol,Individual,Manual,Second Owner,17
Mahindra Bolero SLX 4WD BSIII,450000,110000,Diesel,Individual,Manual,Second Owner,14
Mahindra Scorpio S9 BSIV,1350000,35000,Diesel,Individual,Manual,First Owner,6
Honda City 1.3 DX,120000,165000,Petrol,Individual,Manual,Second Owner,22
Honda BR-V i-DTEC VX MT,1040000,42000,Diesel,Individual,Manual,First Owner,7
Hyundai Grand i10 CRDi Sportz,390000,70000,Diesel,Individual,Manual,Second Owner,11
Tata Nano Lx BSIII,65000,60000,Petrol,Individual,Manual,Second Owner,14
Volkswagen Polo Diesel Highline 1.2L,320000,115000,Diesel,Individual,Manual,Third Owner,12
Volkswagen Ameo 1.5 TDI Highline,720000,70000,Diesel,Individual,Manual,First Owner,8
Maruti Swift ZXI ABS,220000,80000,Petrol,Individual,Manual,Second Owner,18
Maruti Wagon R LXI BS IV,225000,65000,Petrol,Dealer,Manual,First Owner,14
Tata Manza Aura (ABS) Quadrajet BS IV,200000,150000,Diesel,Individual,Manual,Second Owner,15
Toyota Etios GD,434999,75000,Diesel,Dealer,Manual,Second Owner,10
Ford Figo Diesel Titanium,300000,63700,Diesel,Individual,Manual,First Owner,13
Honda Amaze VX i-DTEC,700000,74800,Diesel,Individual,Manual,First Owner,7
Ford Endeavour 2.5L 4X2 MT,500000,105000,Diesel,Individual,Manual,Second Owner,16
Renault Duster 85PS Diesel RxE,500000,40000,Diesel,Individual,Manual,First Owner,9
Maruti Ritz LDi,400000,90000,Diesel,Individual,Manual,Second Owner,9
Toyota Corolla Altis D-4D J,825000,75000,Diesel,Dealer,Manual,Second Owner,10
Maruti Swift Dzire VDI,720000,15000,Diesel,Individual,Manual,First Owner,7
Maruti 800 AC Uniq,110000,30000,Petrol,Individual,Manual,Second Owner,16
Mahindra Scorpio VLX 2WD AIRBAG BSIV,600000,100000,Diesel,Individual,Manual,Second Owner,11
Mahindra Scorpio VLX 2WD AT BSIV,275000,155000,Diesel,Individual,Automatic,Third Owner,16
Land Rover Range Rover Evoque 2.2L Dynamic,2349000,149000,Diesel,Individual,Automatic,Second Owner,13
Hyundai i20 1.4 Sportz,740000,60000,Diesel,Individual,Manual,First Owner,8
Maruti Baleno Alpha 1.3,800000,90000,Diesel,Individual,Manual,First Owner,8
Hyundai Verna CRDi 1.6 SX Option,1100000,100000,Diesel,Individual,Manual,First Owner,6
BMW X1 sDrive20d,750000,100000,Diesel,Individual,Automatic,Second Owner,13
Maruti Alto K10 2010-2014 VXI,200000,90000,Petrol,Individual,Manual,Second Owner,13
Tata Spacio SA 6 Seater,210000,75000,Diesel,Individual,Manual,First Owner,16
Maruti Swift VDI BSIV,270000,120000,Diesel,Individual,Manual,Second Owner,16
Toyota Etios 1.4 VXD,630000,90000,Diesel,Individual,Manual,Second Owner,9
Hyundai Xcent 1.2 Kappa S,375000,55000,Petrol,Individual,Manual,First Owner,10
Mahindra Xylo D2,300000,70000,Diesel,Individual,Manual,First Owner,15
Mahindra Bolero Power Plus SLX,580000,95000,Diesel,Individual,Manual,Second Owner,9
Hyundai Verna 1.4 CRDi,550000,50000,Diesel,Individual,Manual,First Owner,11
Maruti Ciaz ZDi Plus SHVS,750000,50000,Diesel,Individual,Manual,First Owner,9
Maruti Omni E MPI STD BS IV,250000,60516,Petrol,Individual,Manual,First Owner,11
Hyundai Verna 1.6 SX,434999,235000,Diesel,Individual,Manual,Second Owner,13
Mercedes-Benz E-Class 280 CDI,900000,76731,Diesel,Dealer,Automatic,First Owner,18
Maruti Swift ZDI,685000,64000,Diesel,Dealer,Manual,First Owner,9
Maruti Swift VDI BSIV,540000,65000,Diesel,Dealer,Manual,First Owner,11
Honda City i-VTEC CVT ZX,1165000,13000,Petrol,Dealer,Automatic,Test Drive Car,7
Ford Ecosport 1.5 DV5 MT Titanium Optional,610000,77000,Diesel,Dealer,Manual,First Owner,11
Hyundai EON Era,254999,24000,Petrol,Dealer,Manual,First Owner,14
Nissan Micra Active XV,280000,63840,Petrol,Dealer,Manual,First Owner,11
Tata Tiago 1.2 Revotron XT,370000,25000,Petrol,Individual,Manual,First Owner,8
Tata New Safari DICOR 2.2 EX 4x2,459999,76400,Diesel,Individual,Manual,Second Owner,14
Maruti Zen LX,42000,70000,Petrol,Individual,Manual,Third Owner,27
Fiat Linea Active (Diesel),190000,80000,Diesel,Individual,Manual,Third Owner,14
Fiat Punto 1.4 Emotion,165000,100000,Petrol,Individual,Manual,Fourth & Above Owner,15
Ford EcoSport 1.5 Diesel Trend Plus BSIV,710000,40000,Diesel,Individual,Manual,First Owner,8
Hyundai Creta 1.6 SX Option,1200000,15000,Petrol,Individual,Manual,First Owner,7
Maruti Zen Estilo LXI BS IV,229999,70000,Petrol,Individual,Manual,First Owner,14
Renault KWID RXT,310000,15000,Petrol,Individual,Manual,First Owner,7
Maruti Wagon R VXI BS IV,320000,40000,Petrol,Individual,Manual,First Owner,10
Maruti 800 AC,100000,54000,Petrol,Individual,Manual,First Owner,19
Hyundai Verna CRDi,160000,90000,Diesel,Individual,Manual,First Owner,16
Maruti 800 AC BSIII,60000,52000,Petrol,Individual,Manual,First Owner,18
Tata Indigo LS,100000,200000,Diesel,Individual,Manual,Third Owner,13
Chevrolet Beat Diesel LT,350000,35000,Diesel,Individual,Manual,Second Owner,9
Renault Duster 110PS Diesel RxZ AWD,700000,60000,Diesel,Individual,Manual,First Owner,8
Maruti Alto K10 VXI,300000,31489,Petrol,Individual,Manual,First Owner,8
Hyundai i20 1.4 Asta Option,830000,40000,Diesel,Individual,Manual,First Owner,7
Hyundai Verna Transform VTVT,229999,70000,Petrol,Individual,Manual,First Owner,15
Hyundai i20 Magna Optional 1.4 CRDi,400000,100000,Diesel,Individual,Manual,First Owner,12
Maruti Gypsy King Hard Top Ambulance BSIV,300000,70000,Petrol,Individual,Manual,Second Owner,20
Ford Figo Diesel Celebration Edition,300000,50000,Diesel,Individual,Manual,First Owner,12
Ford Fiesta 1.4 SXi TDCi,80000,180000,Diesel,Individual,Manual,Second Owner,16
Maruti 800 AC,80000,50000,Petrol,Individual,Manual,Second Owner,17
Maruti Esteem Vxi,100000,90000,Petrol,Individual,Manual,Second Owner,18
Tata Indica Vista Quadrajet LS,300000,110000,Diesel,Individual,Manual,First Owner,13
Maruti Baleno Zeta Automatic,700000,26000,Petrol,Individual,Automatic,First Owner,7
Maruti Vitara Brezza ZDi Plus,975000,65000,Diesel,Individual,Manual,First Owner,9
Chevrolet Captiva LT,500000,130000,Diesel,Individual,Manual,First Owner,16
Renault Duster 85PS Diesel RxL Optional,550000,75000,Diesel,Individual,Manual,Second Owner,12
Nissan Terrano XV Premium 110 PS,550000,110000,Diesel,Individual,Manual,Second Owner,11
Maruti Alto K10 2010-2014 VXI,240000,50000,Petrol,Individual,Manual,First Owner,11
Maruti 800 Std,50000,80000,Petrol,Individual,Manual,Second Owner,28
Tata Indica Vista Aura 1.2 Safire,120000,80000,Petrol,Individual,Manual,Second Owner,16
Maruti Alto 800 LXI,900000,60000,Petrol,Individual,Manual,Second Owner,12
Honda City 1.5 V MT,250000,90000,Petrol,Individual,Manual,Second Owner,16
Renault KWID 1.0 RXT Optional,280000,36000,Petrol,Individual,Manual,First Owner,8
Tata Indica Vista Terra Quadrajet 1.3L BS IV,85000,87000,Diesel,Individual,Manual,First Owner,15
Tata Indica Vista Terra 1.4 TDI,90000,80000,Diesel,Individual,Manual,First Owner,14
Chevrolet Enjoy TCDi LT 8 Seater,500000,50000,Diesel,Individual,Manual,First Owner,10
Maruti 800 Std,200000,60000,Petrol,Individual,Manual,First Owner,12
Renault KWID RXT,250000,50000,Petrol,Individual,Manual,First Owner,10
Maruti Swift Dzire VDI,185000,40000,Diesel,Individual,Manual,Third Owner,11
Hyundai i10 Magna 1.1,100000,60000,Petrol,Individual,Manual,Second Owner,17
Toyota Etios VXD,610000,55000,Diesel,Individual,Manual,First Owner,10
Mahindra Quanto C8,290000,80000,Diesel,Individual,Manual,First Owner,13
Mahindra Xylo E9,300000,295000,Diesel,Individual,Manual,First Owner,13
Hyundai EON Era Plus,225000,80000,Petrol,Individual,Manual,First Owner,10
Maruti Alto K10 VXI,320000,50000,Petrol,Individual,Manual,Second Owner,8
Tata Indigo CR4,135000,158000,Diesel,Individual,Manual,Third Owner,13
Toyota Innova 2.5 G (Diesel) 7 Seater BS IV,400000,400000,Diesel,Individual,Manual,Third Owner,19
Nissan Sunny XL,600000,19495,Petrol,Dealer,Manual,First Owner,9
Renault Duster 85PS Diesel RxL Plus,570000,62668,Diesel,Dealer,Manual,First Owner,12
Mahindra XUV500 W6 2WD,850000,85710,Diesel,Dealer,Manual,First Owner,12
Ford Figo Diesel EXI,250000,55130,Diesel,Dealer,Manual,Second Owner,14
Ford Ecosport 1.5 DV5 MT Titanium,580000,63356,Diesel,Dealer,Manual,Second Owner,11
Toyota Fortuner 3.0 Diesel,1680000,129627,Diesel,Dealer,Manual,First Owner,13
Chevrolet Spark 1.0 LT,180000,15000,Petrol,Individual,Manual,First Owner,15
Tata Tiago 1.2 Revotron XE,300000,50000,Petrol,Individual,Manual,First Owner,8
Toyota Etios Liva VX,269000,70000,Petrol,Individual,Manual,Second Owner,13
Maruti Alto K10 VXI,231999,20000,Petrol,Individual,Manual,First Owner,7
Chevrolet Beat LS,150000,60000,Petrol,Individual,Manual,Third Owner,14
Hyundai Grand i10 Asta Option,495000,5000,Petrol,Individual,Manual,First Owner,8
Maruti Ciaz VXi,700000,15000,Petrol,Individual,Manual,First Owner,11
Datsun GO Plus T BSIV,400000,4400,Petrol,Individual,Manual,Second Owner,7
Mahindra Xylo H4,599000,15000,Diesel,Individual,Manual,Third Owner,6
Renault Duster 85PS Diesel RxL Optional,421000,45000,Diesel,Individual,Manual,First Owner,12
Ford EcoSport 1.5 Diesel Trend BSIV,841000,1000,Diesel,Individual,Manual,First Owner,7
Hyundai i10 Magna 1.1L,295000,38500,Petrol,Individual,Manual,First Owner,11
Hyundai i10 Sportz,220000,25000,Petrol,Individual,Manual,First Owner,14
Ford Classic 1.4 Duratorq LXI,250000,35000,Diesel,Individual,Manual,First Owner,12
Toyota Fortuner 3.0 Diesel,1100000,110000,Diesel,Individual,Manual,Second Owner,16
Hyundai Verna 1.6 VTVT,300000,40000,Petrol,Individual,Manual,First Owner,13
Chevrolet Aveo U-VA 1.2,80000,110000,Petrol,Individual,Manual,Second Owner,18
Chevrolet Beat Diesel LT,215000,20000,Diesel,Individual,Manual,Third Owner,12
Hyundai EON Magna Plus,245000,14987,Petrol,Dealer,Manual,First Owner,13
Ford EcoSport 1.5 TDCi Titanium BSIV,650000,25061,Diesel,Dealer,Manual,First Owner,9
Ford Ecosport 1.5 Diesel Titanium,760000,42494,Diesel,Dealer,Manual,First Owner,8
Honda Amaze S i-Dtech,395000,44875,Diesel,Dealer,Manual,First Owner,11
Ford Figo Diesel EXI,280000,89741,Diesel,Dealer,Manual,Second Owner,11
Honda Jazz 1.5 S i DTEC,495000,65000,Diesel,Dealer,Manual,First Owner,9
Honda Jazz 1.5 VX i DTEC,525000,35000,Diesel,Dealer,Manual,First Owner,9
Toyota Innova 2.5 GX 8 STR BSIV,420000,347089,Diesel,Dealer,Manual,First Owner,16
Tata New Safari DICOR 2.2 VX 4x2,210000,34500,Diesel,Individual,Manual,First Owner,15
Hyundai i20 Active 1.2 S,650000,30000,Petrol,Individual,Manual,First Owner,7
BMW 3 Series 320d Luxury Line,2300000,39000,Diesel,Individual,Automatic,First Owner,7
Ford Freestyle Titanium Plus Diesel BSIV,525000,16000,Diesel,Individual,Manual,First Owner,6
Maruti Wagon R LXI CNG,195000,80000,CNG,Individual,Manual,Second Owner,15
Maruti Ertiga SHVS VDI,650000,60000,Diesel,Individual,Manual,First Owner,9
Mahindra TUV 300 T6 Plus,540000,110000,Diesel,Individual,Manual,First Owner,10
Maruti Alto 800 LXI,180000,61000,Petrol,Individual,Manual,First Owner,11
Maruti Ertiga SHVS ZDI Plus,980000,50000,Diesel,Individual,Manual,First Owner,7
Fiat Grande Punto EVO 90HP 1.3 Sport,250000,90000,Diesel,Individual,Manual,First Owner,11
Hyundai Grand i10 1.2 Kappa Sportz AT,550000,35000,Petrol,Individual,Automatic,First Owner,7
Volkswagen Vento 1.6 Highline,509999,43000,Petrol,Individual,Manual,Second Owner,10
Maruti Alto K10 LXI,320000,50000,Petrol,Individual,Manual,First Owner,8
Hyundai EON D Lite,275000,25000,Petrol,Individual,Manual,First Owner,9
Mahindra XUV500 W8 2WD,550000,222252,Diesel,Individual,Manual,First Owner,12
Maruti Wagon R VXI Minor,145000,50000,Petrol,Individual,Manual,Second Owner,16
Fiat Grande Punto Emotion 90Hp,250000,80000,Diesel,Individual,Manual,First Owner,12
Hyundai Verna 1.6 SX,520000,35000,Diesel,Individual,Manual,First Owner,13
Maruti Alto LXi,95000,85000,Petrol,Individual,Manual,Second Owner,18
Toyota Innova 2.5 V Diesel 7-seater,725000,110000,Diesel,Individual,Manual,Third Owner,14
Maruti 800 AC,55000,70000,Petrol,Individual,Manual,Second Owner,19
Honda City i DTEC VX,600000,100000,Diesel,Individual,Manual,First Owner,11
Volkswagen Vento New Diesel Highline,330000,120000,Diesel,Individual,Manual,Second Owner,12
Maruti Swift Dzire VDI,470000,89000,Diesel,Individual,Manual,First Owner,10
Maruti Swift ZDi,365000,120000,Diesel,Individual,Manual,First Owner,12
Hyundai EON Magna Plus,250000,40000,Petrol,Individual,Manual,Second Owner,12
Maruti Wagon R VXI BS IV,430000,17000,Petrol,Individual,Manual,First Owner,8
Maruti Swift VDI,400000,125000,Diesel,Individual,Manual,Second Owner,12
Maruti Swift Dzire ZXI,615000,110000,Petrol,Individual,Manual,Second Owner,10
Ford Figo Diesel Titanium,150000,120000,Diesel,Individual,Manual,Second Owner,14
Ford Figo Diesel ZXI,240000,90000,Diesel,Individual,Manual,First Owner,11
Mahindra Scorpio S10 7 Seater,800000,90000,Diesel,Individual,Manual,First Owner,11
Hyundai EON LPG Magna Plus,240000,110000,LPG,Individual,Manual,First Owner,10
Ford Ecosport 1.5 DV5 MT Titanium,600000,87000,Diesel,Individual,Manual,Second Owner,11
Mahindra Scorpio LX,800000,15000,Diesel,Individual,Manual,First Owner,11
Ford Fiesta Classic 1.6 Duratec CLXI,350000,38000,Petrol,Individual,Manual,First Owner,13
Honda City 1.5 V MT,300000,64000,Petrol,Individual,Manual,Second Owner,14
Tata Sumo Gold EX BSIII,399000,55250,Diesel,Individual,Manual,First Owner,10
Mahindra Bolero DI,300000,110000,Diesel,Individual,Manual,First Owner,14
Maruti A-Star AT VXI,150000,70000,Petrol,Individual,Automatic,First Owner,13
Chevrolet Cruze LTZ,320000,60000,Diesel,Individual,Manual,Third Owner,15
Tata Hexa XM,1280000,17000,Diesel,Individual,Manual,First Owner,7
Renault KWID 1.0 RXT Optional,300000,13000,Petrol,Individual,Manual,Second Owner,8
Nissan Terrano XL Plus ICC WT20 SE,1000000,60000,Diesel,Individual,Manual,First Owner,9
Mitsubishi Pajero Sport 4X4,1090000,120000,Diesel,Individual,Manual,Second Owner,13
Tata New Safari DICOR 2.2 GX 4x2 BS IV,450000,97000,Diesel,Individual,Manual,Second Owner,13
Tata Indica GLS BS IV,60000,130000,Petrol,Individual,Manual,Second Owner,18
Maruti Swift Dzire ZXI,500000,50000,Petrol,Individual,Manual,First Owner,12
Tata Indigo CR4,200000,120000,Diesel,Individual,Manual,Second Owner,13
Maruti Alto LXi,60000,100000,Petrol,Individual,Manual,Second Owner,19
Hyundai Accent Executive CNG,185000,67000,CNG,Dealer,Manual,Second Owner,13
Maruti Alto K10 VXI,155000,60000,Petrol,Individual,Manual,First Owner,10
Maruti Swift VXI,600000,5000,Petrol,Individual,Manual,First Owner,6
Renault KWID RXE,300000,20000,Petrol,Individual,Manual,First Owner,9
Hyundai Creta 1.6 E Plus,850000,12500,Petrol,Individual,Manual,First Owner,7
Maruti Eeco CNG 5 Seater AC BSIV,470000,4000,CNG,Individual,Manual,First Owner,6
Ford Figo 1.2P Titanium MT,600000,25000,Petrol,Individual,Manual,First Owner,6
Toyota Innova 2.5 G (Diesel) 7 Seater,700000,70000,Diesel,Individual,Manual,Second Owner,12
Maruti Wagon R LXI DUO BSIII,70000,162000,LPG,Individual,Manual,First Owner,18
Toyota Fortuner 3.0 Diesel,1250000,205000,Diesel,Individual,Manual,Second Owner,15
Audi A6 2.8 FSI,650000,70000,Petrol,Individual,Automatic,Third Owner,17
Hyundai Xcent 1.2 CRDi S,450000,70000,Diesel,Individual,Manual,Second Owner,7
Mahindra XUV500 W8 2WD,750000,100000,Diesel,Individual,Manual,Second Owner,11
Toyota Innova 2.5 G (Diesel) 7 Seater,775000,70000,Diesel,Individual,Manual,Second Owner,12
Hyundai Santa Fe 4X4,800000,220000,Diesel,Individual,Manual,First Owner,14
Honda Amaze E i-Vtech,360000,80000,Petrol,Individual,Manual,Second Owner,10
Toyota Corolla Altis Diesel D4DG,250000,120000,Diesel,Individual,Manual,First Owner,15
Jeep Compass 2.0 Longitude Option BSIV,1490000,22038,Diesel,Individual,Manual,First Owner,8
Nissan Terrano XL 110 PS,600000,80000,Diesel,Individual,Manual,First Owner,12
Maruti Alto LX,120000,90000,Petrol,Individual,Manual,First Owner,15
Tata New Safari DICOR 2.2 EX 4x2,320000,140000,Diesel,Individual,Manual,Second Owner,13
Mahindra Thar 4X2,400000,120000,Diesel,Individual,Manual,Second Owner,14
Maruti Swift Dzire ZDI,302000,60000,Diesel,Individual,Manual,First Owner,10
Maruti Swift Dzire LXI Option,150000,60000,Petrol,Individual,Manual,Second Owner,11
Tata Indica Vista Aura Plus 1.3 Quadrajet,200000,90000,Diesel,Individual,Manual,Second Owner,13
Maruti Swift Vdi BSIII,120000,175000,Diesel,Individual,Manual,Second Owner,17
Mahindra XUV500 W7 BSIV,1400000,10000,Diesel,Individual,Manual,First Owner,6
Hyundai i20 1.2 Asta Option,620000,65000,Petrol,Individual,Manual,First Owner,8
Toyota Innova 2.5 GX 8 STR BSIV,449000,90000,Diesel,Individual,Manual,First Owner,13
Maruti Alto LXi,100000,70000,Petrol,Individual,Manual,First Owner,18
Hyundai Grand i10 1.2 Kappa Sportz BSIV,600000,2500,Petrol,Individual,Manual,First Owner,7
Chevrolet Beat Diesel LT,250000,40000,Diesel,Individual,Manual,First Owner,13
Maruti Baleno RS 1.0 Petrol,550000,63000,Petrol,Individual,Manual,First Owner,7
Skoda Rapid 1.5 TDI Ambition,360000,70000,Diesel,Individual,Manual,First Owner,11
Skoda Superb LK 1.8 TSI AT,650000,60000,Petrol,Dealer,Automatic,First Owner,13
Ford Fiesta 1.5 TDCi Titanium,199000,92000,Diesel,Dealer,Manual,Third Owner,13
Mahindra Quanto C6,285000,89126,Diesel,Individual,Manual,First Owner,11
Volkswagen Jetta 1.9 TDI Comfortline DSG,260000,134000,Diesel,Individual,Automatic,First Owner,16
Maruti Ciaz 1.4 AT Zeta,869999,15000,Petrol,Dealer,Automatic,First Owner,6
Hyundai Grand i10 1.2 CRDi Magna,425000,42500,Diesel,Dealer,Manual,First Owner,9
Chevrolet Cruze LTZ AT,490000,42000,Diesel,Dealer,Automatic,First Owner,13
Mahindra XUV500 AT W8 FWD,750000,70000,Diesel,Individual,Automatic,Second Owner,10
Honda City 1.5 EXI,125000,110000,Petrol,Individual,Manual,Third Owner,21
Fiat Linea 1.3 Emotion,221000,131365,Diesel,Individual,Manual,First Owner,11
Volkswagen Vento 1.5 TDI Highline AT,724000,48980,Diesel,Dealer,Automatic,First Owner,9
Honda Amaze VX AT i-Vtech,440000,46000,Petrol,Dealer,Automatic,First Owner,11
Chevrolet Spark 1.0 LS,70000,60000,Petrol,Individual,Manual,Third Owner,16
Maruti Baleno Delta Diesel,511000,58000,Diesel,Dealer,Manual,First Owner,10
Maruti S-Cross Alpha DDiS 200 SH,790000,22000,Diesel,Dealer,Manual,First Owner,9
Hyundai i20 1.2 Asta Option,640000,37000,Petrol,Individual,Manual,First Owner,8
Hyundai Santro Xing GLS,120000,70000,Petrol,Individual,Manual,Fourth & Above Owner,16
Chevrolet Beat Diesel LT,126000,98900,Diesel,Individual,Manual,Third Owner,13
Chevrolet Beat Diesel LT,120000,125000,Diesel,Individual,Manual,First Owner,13
Mahindra TUV 300 T4 Plus,650000,60000,Diesel,Individual,Manual,First Owner,8
Hyundai Grand i10 Asta,450000,80000,Petrol,Individual,Manual,Second Owner,11
Maruti Zen Estilo LXI Green (CNG),110000,80000,CNG,Individual,Manual,Fourth & Above Owner,15
Mahindra Bolero Power Plus Plus AC BSIV PS,600000,40000,Diesel,Individual,Manual,First Owner,8
Mahindra XUV500 W8 4WD,620000,80000,Diesel,Individual,Manual,Second Owner,13
Ford Ecosport 1.5 DV5 MT Titanium,600000,30000,Diesel,Individual,Manual,First Owner,11
Mahindra Bolero Power Plus ZLX,795000,35000,Diesel,Individual,Manual,First Owner,7
Tata Winger Deluxe - Hi Roof (AC),300000,180000,Diesel,Individual,Manual,Third Owner,14
Renault Lodgy 85PS RxL,495000,60000,Diesel,Individual,Manual,First Owner,10
Tata Hexa XTA,1350000,34000,Diesel,Individual,Automatic,First Owner,7
Mahindra Xylo D4,350000,145000,Diesel,Individual,Manual,First Owner,11
Datsun RediGO AMT 1.0 S,300000,25000,Petrol,Individual,Automatic,First Owner,7
Nissan Sunny XL D,500000,70000,Diesel,Individual,Manual,First Owner,7
Audi Q3 35 TDI Quattro Technology,2575000,36000,Diesel,Dealer,Automatic,First Owner,8
Honda Brio VX,345000,58000,Petrol,Dealer,Manual,First Owner,11
Tata Indigo CR4,220000,100000,Diesel,Individual,Manual,First Owner,12
Maruti 800 AC,50000,100000,Petrol,Individual,Manual,Second Owner,26
Honda Jazz Select Edition,585000,14000,Petrol,Dealer,Manual,First Owner,8
Maruti Swift Dzire AMT VXI,625000,13800,Petrol,Individual,Automatic,First Owner,7
Hyundai Creta 1.6 SX Automatic,1035000,23000,Petrol,Dealer,Automatic,First Owner,8
Mahindra Xylo D4,600000,99700,Diesel,Individual,Manual,First Owner,8
Toyota Fortuner 2.8 4WD AT BSIV,3100000,5000,Diesel,Individual,Automatic,First Owner,6
Honda City i-DTEC SV,650000,49654,Diesel,Dealer,Manual,First Owner,11
Hyundai Grand i10 Asta,550000,45457,Petrol,Dealer,Manual,First Owner,9
Hyundai Creta 1.6 CRDi SX,1260000,39221,Diesel,Dealer,Manual,First Owner,8
Hyundai i20 Sportz 1.2,660000,48220,Petrol,Dealer,Manual,First Owner,9
Hyundai i20 Sportz 1.2,700000,11114,Petrol,Dealer,Manual,First Owner,8
Hyundai Getz 1.5 CRDi GVS,235000,60208,Diesel,Dealer,Manual,First Owner,17
Volkswagen Vento 1.5 TDI Highline,475000,80000,Diesel,Dealer,Manual,First Owner,12
Mercedes-Benz E-Class 280 CDI Elegance,795000,98600,Diesel,Dealer,Automatic,First Owner,17
Audi RS7 2015-2019 Sportback Performance,8900000,13000,Petrol,Dealer,Automatic,First Owner,9
Audi Q5 3.0 TDI Quattro Technology,3200000,30000,Diesel,Dealer,Automatic,First Owner,10
MG Hector Smart AT,1860000,18000,Petrol,Dealer,Automatic,First Owner,6
Land Rover Range Rover 4.4 Diesel LWB Vogue SE,4200000,100000,Diesel,Dealer,Automatic,First Owner,15
Honda City VX CVT,850000,58000,Petrol,Dealer,Automatic,First Owner,10
Mahindra Xylo D4,585000,85441,Diesel,Dealer,Manual,First Owner,8
Mahindra Verito 1.5 D4 BSIV,380000,64541,Diesel,Dealer,Manual,First Owner,10
Maruti Swift Dzire VDI,650000,35000,Diesel,Individual,Manual,First Owner,6
Nissan Micra Active XV,434999,16267,Petrol,Dealer,Manual,First Owner,8
Volkswagen Vento 1.5 TDI Highline,525000,71500,Diesel,Dealer,Manual,First Owner,12
BMW 5 Series 520d Luxury Line,4800000,12999,Diesel,Dealer,Automatic,First Owner,6
Chevrolet Aveo U-VA 1.2 LS,160000,80000,Petrol,Individual,Manual,First Owner,17
Maruti Zen Estilo 1.1 LXI BSIII,160000,90000,Petrol,Individual,Manual,Second Owner,18
Hyundai Creta 1.6 VTVT S,900000,14700,Petrol,Individual,Manual,First Owner,8
Maruti Alto LX,61000,90000,Petrol,Individual,Manual,Second Owner,25
Maruti Wagon R LXI BS IV,400000,50000,Petrol,Individual,Manual,First Owner,8
Hyundai Santro Xing XS,150000,100000,Petrol,Individual,Manual,Second Owner,16
Volkswagen Polo GT 1.0 TSI,950000,24000,Petrol,Individual,Automatic,First Owner,6
Hyundai Getz GLX,110000,90000,Petrol,Individual,Manual,First Owner,18
Tata Bolt Revotron XM,375000,30000,Petrol,Individual,Manual,First Owner,10
Datsun GO Plus T Option,350000,80000,Petrol,Individual,Manual,First Owner,8
Hyundai i20 Magna 1.4 CRDi (Diesel),310000,92686,Diesel,Dealer,Manual,Second Owner,13
Tata Indica GLS BS IV,90000,300000,Petrol,Individual,Manual,Third Owner,15
Volkswagen Vento Petrol Highline,350000,90000,Petrol,Individual,Manual,Second Owner,14
Hyundai Santro LS zipPlus,100000,60000,Petrol,Individual,Manual,First Owner,22
Mahindra XUV500 AT W6 2WD,1300000,40000,Diesel,Individual,Automatic,First Owner,8
Hyundai EON Era Plus Sports Edition,280000,55000,Petrol,Individual,Manual,First Owner,11
Hyundai EON Magna Plus,360000,6000,Petrol,Individual,Manual,First Owner,7
Maruti Alto LXi,150000,40000,Petrol,Individual,Manual,Second Owner,14
Skoda Rapid 1.6 MPI AT Ambition BSIV,900000,15000,Petrol,Individual,Automatic,First Owner,8
Ambassador CLASSIC 1500 DSL AC,120000,50000,Diesel,Individual,Manual,Second Owner,20
Fiat Linea T Jet Emotion,215000,90000,Petrol,Individual,Manual,Second Owner,15
Renault Scala Diesel RxL,550000,38500,Diesel,Individual,Manual,First Owner,12
Tata Nexon 1.2 Revotron XZ Plus Dual Tone,775000,35000,Petrol,Individual,Manual,First Owner,7
Maruti Gypsy King HT BSIV,409999,49359,Petrol,Individual,Manual,Third Owner,24
Maruti 800 AC Uniq,65000,70000,Petrol,Individual,Manual,Second Owner,20
Maruti Wagon R LXI Minor,200000,90000,Petrol,Individual,Manual,Second Owner,17
Maruti Wagon R VXI BS IV,240000,50000,Petrol,Individual,Manual,Second Owner,15
Toyota Innova 2.5 VX 8 STR,800000,108731,Diesel,Individual,Manual,First Owner,13
Toyota Innova 2.5 EV Diesel MS 7 Str BSIII,400000,120000,Diesel,Individual,Manual,First Owner,15
Tata Sumo Gold EX BSIII,500000,60000,Diesel,Individual,Manual,First Owner,9
Mahindra Renault Logan 1.5 DLX Diesel,150000,90000,Diesel,Individual,Manual,Third Owner,18
Toyota Etios GD,500000,140000,Diesel,Individual,Manual,Second Owner,11
Hyundai EON Magna Plus,320000,80000,Petrol,Individual,Manual,First Owner,11
Nissan Micra Diesel XV,300000,90000,Diesel,Individual,Manual,First Owner,12
Maruti Alto 800 LXI,285000,14000,Petrol,Individual,Manual,First Owner,7
Tata Aria Pleasure 4x2,360000,70000,Diesel,Individual,Manual,Second Owner,13
Honda Accord 2.4 MT,450000,55000,Petrol,Individual,Manual,Second Owner,16
Maruti Alto LXi,175000,60000,Petrol,Individual,Manual,Third Owner,14
Chevrolet Cruze LT,350000,74000,Diesel,Individual,Manual,Second Owner,14
Ford Figo Aspire 1.5 TDCi Titanium,530000,45000,Diesel,Dealer,Manual,First Owner,5
Honda City i-DTEC ZX,1025000,38000,Diesel,Dealer,Manual,First Owner,8
Honda BR-V i-DTEC VX MT,950000,24000,Diesel,Dealer,Manual,First Owner,8
Honda WR-V i-VTEC VX,725000,29976,Petrol,Dealer,Manual,First Owner,8
Honda City i VTEC VX,919999,41000,Petrol,Dealer,Manual,First Owner,8
Honda Jazz 1.5 V i DTEC,700000,15000,Diesel,Dealer,Manual,First Owner,7
Honda Jazz 1.5 VX i DTEC,725000,36000,Diesel,Dealer,Manual,First Owner,8
Honda BR-V i-VTEC VX MT,840000,30646,Petrol,Dealer,Manual,First Owner,8
Maruti Wagon R VXI BS IV,365000,23600,Petrol,Dealer,Manual,First Owner,10
Honda City i DTEC SV,665000,71318,Diesel,Dealer,Manual,First Owner,11
Maruti 800 Std,50000,78098,Petrol,Individual,Manual,First Owner,22
Hyundai EON Era Plus,225000,30000,Petrol,Individual,Manual,First Owner,11
Hyundai i10 Era,229999,45000,Petrol,Individual,Manual,Second Owner,13
Hyundai Santro Xing GL,145000,67000,Petrol,Individual,Manual,First Owner,17
Ford EcoSport 1.5 Ti VCT MT Titanium BSIV,750000,18054,Petrol,Dealer,Manual,First Owner,8
Honda City i DTEC VX,785000,40000,Diesel,Individual,Manual,First Owner,10
Hyundai i10 Sportz,225000,30000,Petrol,Individual,Manual,First Owner,14
Hyundai Xcent 1.1 CRDi Base,300000,80000,Diesel,Individual,Manual,First Owner,8
Hyundai i20 Asta 1.4 CRDi,680000,20000,Diesel,Individual,Manual,First Owner,9
Mahindra TUV 300 T8,700000,40000,Diesel,Individual,Manual,First Owner,9
Tata Indigo CS eLS BS IV,180000,120000,Diesel,Individual,Manual,First Owner,14
Ford Fiesta 1.4 SXi TDCi ABS,270000,120000,Diesel,Individual,Manual,Second Owner,17
Maruti Swift Dzire VXi,370000,97000,Petrol,Individual,Manual,Second Owner,15
Mahindra Xylo H8 ABS with Airbags,1100000,70000,Diesel,Individual,Manual,First Owner,7
Hyundai Accent CRDi,120000,120000,Diesel,Individual,Manual,Second Owner,21
Skoda Rapid 1.6 TDI PRESTIGE,430000,88000,Diesel,Individual,Manual,Second Owner,12
Maruti Swift ZDi,550000,38406,Diesel,Dealer,Manual,First Owner,11
Hyundai Santro Xing GLS,320000,54350,Petrol,Dealer,Manual,First Owner,11
Maruti Wagon R VXI BS IV,390000,32260,Petrol,Dealer,Manual,First Owner,10
Renault Duster 85PS Diesel RxE,550000,58231,Diesel,Dealer,Manual,First Owner,11
Maruti Swift VXI,370000,59858,Petrol,Dealer,Manual,First Owner,13
Maruti Alto LXi BSIII,190000,73350,Petrol,Dealer,Manual,First Owner,15
Renault Duster 110PS Diesel RxZ,509999,88473,Diesel,Dealer,Manual,First Owner,12
Honda City S,450000,96987,Petrol,Dealer,Manual,First Owner,12
Mercedes-Benz GLS 2016-2020 350d 4MATIC,5500000,77350,Diesel,Dealer,Automatic,First Owner,9
Maruti Swift Dzire VDI,550000,61187,Diesel,Dealer,Manual,First Owner,10
Mahindra Xylo E6,400000,68350,Diesel,Dealer,Manual,First Owner,16
Ford EcoSport 1.5 TDCi Titanium BSIV,585000,81150,Diesel,Dealer,Manual,First Owner,10
Hyundai Grand i10 1.2 Kappa Asta,500000,30000,Petrol,Individual,Manual,First Owner,6
Maruti Ciaz ZXi,800000,30000,Petrol,Individual,Manual,First Owner,10
Maruti Swift Vdi BSIII,265000,120000,Diesel,Individual,Manual,Second Owner,16
Ford Figo Diesel Titanium,175000,180000,Diesel,Individual,Manual,First Owner,13
Fiat Palio 1.2 Sport,125000,50000,Petrol,Individual,Manual,Second Owner,18
Tata Manza Aqua Quadrajet BS IV,165000,80000,Diesel,Individual,Manual,First Owner,15
Mahindra Verito 1.5 D2 BSIII,150000,280000,Diesel,Individual,Manual,First Owner,14
Hyundai Creta 1.6 CRDi SX Option,1025000,90000,Diesel,Individual,Manual,Second Owner,10
Toyota Innova 2.5 VX (Diesel) 8 Seater,1030000,250000,Diesel,Individual,Manual,Second Owner,11
Chevrolet Cruze LT,380000,90000,Diesel,Individual,Manual,Fourth & Above Owner,13
Maruti Swift Dzire LDi,250000,110000,Diesel,Individual,Manual,Third Owner,15
Maruti Zen LX,85000,80000,Petrol,Individual,Manual,Second Owner,25
Fiat Punto EVO 1.3 Dynamic,500000,35000,Diesel,Individual,Manual,First Owner,9
Hyundai EON Era Plus,350000,15000,Petrol,Individual,Manual,First Owner,7
Maruti Alto LXi BSIII,190000,52000,Petrol,Individual,Manual,Second Owner,15
Volkswagen Jetta 1.9 TDI Trendline,940000,140000,Diesel,Individual,Manual,First Owner,16
Maruti Swift VXI,475000,60000,Petrol,Individual,Manual,Second Owner,12
Maruti Alto 800 LXI,300000,17000,Petrol,Individual,Manual,First Owner,7
Chevrolet Beat LS,250000,70000,Petrol,Individual,Manual,Third Owner,9
Maruti Zen LX,93000,97000,Petrol,Individual,Manual,Fourth & Above Owner,24
Ford Figo Diesel ZXI,290000,125000,Diesel,Individual,Manual,Second Owner,13
Tata Indica GLS BS IV,75000,300000,Petrol,Individual,Manual,Third Owner,15
Mahindra XUV500 W8 2WD,1000000,120000,Diesel,Individual,Manual,Second Owner,10
Hyundai i20 Asta 1.4 CRDi,550000,87000,Diesel,Individual,Manual,First Owner,10
Fiat Punto 1.3 Emotion,285000,75000,Diesel,Individual,Manual,Third Owner,15
Maruti Wagon R VXI BSIII,229999,40000,Petrol,Individual,Manual,Second Owner,13
Ford Ecosport 1.5 DV5 MT Titanium,580000,120000,Diesel,Individual,Manual,First Owner,11
Toyota Corolla H2,175000,100000,Petrol,Individual,Manual,Fourth & Above Owner,20
Maruti Ritz VDi,250000,110000,Diesel,Individual,Manual,Fourth & Above Owner,13
Maruti Zen LX - BS III,70000,105700,Petrol,Individual,Manual,First Owner,19
Maruti Celerio VXI Optional,430999,14000,Petrol,Dealer,Manual,First Owner,8
Chevrolet Spark 1.0,80000,70000,Petrol,Individual,Manual,First Owner,15
Maruti Alto 800 LXI Optional,335000,28000,Petrol,Dealer,Manual,First Owner,6
Maruti Eeco 7 Seater Standard BSIV,350000,51000,Petrol,Dealer,Manual,First Owner,8
Maruti Alto 800 LXI Opt BSIV,315000,56000,Petrol,Dealer,Manual,First Owner,7
Volkswagen Vento 1.5 TDI Highline Plus AT BSIV,1100000,35000,Diesel,Individual,Automatic,First Owner,6
Maruti Esteem Lxi - BSIII,80000,24000,Petrol,Individual,Manual,First Owner,20
Maruti Alto K10 VXI Optional,285000,64000,Petrol,Dealer,Manual,Second Owner,11
Tata Indigo TDI,100000,120000,Diesel,Individual,Manual,Third Owner,16
Maruti Alto LXi,225000,37091,Petrol,Individual,Manual,First Owner,14
Volvo XC 90 D5 Inscription BSIV,4500000,80000,Diesel,Individual,Automatic,First Owner,8
Maruti Alto K10 VXI,320000,38900,Petrol,Individual,Manual,Third Owner,7
Hyundai Creta 1.6 CRDi SX Plus,1249000,60000,Diesel,Individual,Manual,Third Owner,9
Maruti Wagon R LXI Minor,120000,110000,Petrol,Individual,Manual,Third Owner,17
Volkswagen Vento Diesel Trendline,200000,100000,Diesel,Individual,Manual,Second Owner,14
Hyundai Creta 1.6 CRDi SX,1151000,85000,Diesel,Individual,Manual,First Owner,9
Tata Indica Vista Quadrajet LS,120000,140000,Diesel,Individual,Manual,First Owner,13
Renault KWID RXT,220000,20000,Petrol,Individual,Manual,First Owner,8
Mahindra TUV 300 T10 Dual Tone,784000,40000,Diesel,Individual,Manual,First Owner,7
Honda Jazz 1.2 S i VTEC,500000,50000,Petrol,Individual,Manual,First Owner,8
Hyundai EON Era Plus,350000,20000,Petrol,Individual,Manual,First Owner,7
Mahindra XUV500 W7 AT BSIV,1400000,50000,Diesel,Individual,Automatic,First Owner,7
Mahindra Thar CRDe AC,600000,100000,Diesel,Individual,Manual,Second Owner,11
Hyundai Grand i10 1.2 Kappa Magna BSIV,525000,9400,Petrol,Individual,Manual,First Owner,6
Ford EcoSport 1.5 Diesel Titanium Plus BSIV,930000,12000,Diesel,Individual,Manual,First Owner,8
Maruti Eeco 5 STR With AC Plus HTR CNG,440000,14100,CNG,Dealer,Manual,First Owner,8
Maruti Celerio ZXI,434999,21000,Petrol,Dealer,Manual,First Owner,9
Hyundai i10 Magna,250000,28000,Petrol,Dealer,Manual,First Owner,14
Maruti Ertiga SHVS ZDI Plus,940000,35000,Diesel,Dealer,Manual,First Owner,8
Hyundai Verna 1.6 CRDi AT SX,1050000,31000,Diesel,Dealer,Automatic,First Owner,8
Maruti Ertiga SHVS ZDI,825000,58000,Diesel,Dealer,Manual,First Owner,9
Maruti Wagon R VXI Minor,229999,25000,Petrol,Individual,Manual,First Owner,13
Hyundai i20 1.2 Asta,375000,72000,Petrol,Dealer,Manual,First Owner,14
Maruti Ertiga ZDI,640000,89000,Diesel,Dealer,Manual,First Owner,12
Toyota Innova 2.5 V Diesel 8-seater,800000,160000,Diesel,Dealer,Manual,First Owner,13
Ford Figo Petrol ZXI,130000,30000,Petrol,Individual,Manual,Third Owner,13
Hyundai i10 Sportz 1.1L,300000,37555,Petrol,Dealer,Manual,First Owner,11
Maruti Wagon R VXI BS IV,440000,14000,Petrol,Dealer,Manual,First Owner,7
Maruti Ertiga VXI CNG,595000,56600,CNG,Dealer,Manual,First Owner,11
Mahindra Scorpio EX,450000,110000,Diesel,Individual,Manual,First Owner,12
Maruti Vitara Brezza VDi Option,690000,50000,Diesel,Individual,Manual,First Owner,8
Maruti Alto 800 VXI,300000,5000,Petrol,Individual,Manual,First Owner,6
Chevrolet Sail 1.2 Base,170000,100000,Petrol,Individual,Manual,Second Owner,11
Toyota Etios Liva GD SP,280000,120000,Diesel,Individual,Manual,First Owner,13
Maruti Swift VXI BSIII,220000,67580,Petrol,Individual,Manual,Second Owner,16
Hyundai Santro Xing GLS,140000,100000,Petrol,Individual,Manual,Third Owner,16
Maruti Esteem Lxi,45000,60000,Petrol,Individual,Manual,First Owner,21
Ford Figo Diesel Titanium,200000,125000,Diesel,Individual,Manual,Second Owner,11
Mahindra Scorpio 2.6 Turbo 7 Str,325000,120000,Diesel,Individual,Manual,Second Owner,17
Hyundai Verna CRDi SX,300000,130000,Diesel,Individual,Manual,Second Owner,15
Maruti 800 AC,120000,250000,Petrol,Individual,Manual,Second Owner,16
Mahindra Verito Vibe 1.5 dCi D6,280000,40000,Diesel,Individual,Manual,First Owner,10
Nissan Sunny XL D,225000,78000,Diesel,Dealer,Manual,First Owner,12
Ford EcoSport 1.5 Petrol Titanium Plus AT BSIV,750000,48238,Petrol,Trustmark Dealer,Automatic,First Owner,10
Hyundai i20 1.2 Magna Executive,535000,38365,Petrol,Dealer,Manual,First Owner,9
Mahindra XUV500 W10 1.99 mHawk,1250000,23670,Diesel,Trustmark Dealer,Manual,First Owner,9
Maruti Baleno Zeta 1.2,650000,49834,Petrol,Trustmark Dealer,Manual,First Owner,8
Honda Brio S MT,295000,57353,Petrol,Trustmark Dealer,Manual,First Owner,12
Maruti Swift DDiS VDI,480000,68308,Diesel,Trustmark Dealer,Manual,First Owner,10
Honda City i DTEC SV,575000,63240,Diesel,Trustmark Dealer,Manual,First Owner,10
Tata Harrier XE,426000,1000,Diesel,Individual,Manual,First Owner,5
Mahindra Bolero Power Plus Plus AC BSIV PS,295000,90000,Diesel,Individual,Manual,Third Owner,10
Mahindra Xylo E4,330000,100000,Diesel,Individual,Manual,Second Owner,14
Maruti Ritz VXI,150000,80000,Petrol,Individual,Manual,First Owner,16
Hyundai Creta 1.6 CRDi SX,927999,90000,Diesel,Individual,Manual,First Owner,9
Maruti Zen LXI,70000,60000,Petrol,Individual,Manual,Fourth & Above Owner,22
Hyundai Xcent 1.2 CRDi SX,399000,55000,Diesel,Dealer,Manual,First Owner,10
Maruti Swift VDI Optional,350000,90000,Diesel,Individual,Manual,First Owner,10
Mahindra Scorpio 2.6 CRDe,125000,50000,Diesel,Individual,Manual,Second Owner,19
Hyundai Santro Xing XS,150000,90000,Petrol,Individual,Manual,Second Owner,17
Hyundai EON Era Plus,250000,25000,Petrol,Individual,Manual,First Owner,10
Hyundai Verna 1.6 SX CRDi (O),675000,61000,Diesel,Dealer,Manual,First Owner,11
Maruti S-Cross Alpha DDiS 200 SH,950000,30000,Diesel,Individual,Manual,First Owner,7
Maruti Eeco 5 STR With AC Plus HTR CNG,409999,45000,CNG,Individual,Manual,First Owner,7
Fiat Linea Emotion (Diesel),225000,60000,Diesel,Individual,Manual,First Owner,14
Honda Civic 1.8 V MT,350000,75000,Petrol,Individual,Manual,Second Owner,17
Tata Indica LSI,51111,140000,Petrol,Individual,Manual,Third Owner,20
Chevrolet Sail 1.3 LS,290000,56000,Diesel,Dealer,Manual,First Owner,12
Toyota Camry Hybrid,310000,62000,Electric,Dealer,Automatic,Second Owner,19
Hyundai Verna CRDi SX,212000,58000,Diesel,Dealer,Manual,Second Owner,18
Skoda Octavia Elegance 2.0 TDI AT,900000,49000,Diesel,Dealer,Automatic,Second Owner,12
Chevrolet Beat Diesel LT,221000,56000,Diesel,Dealer,Manual,Second Owner,14
Toyota Innova 2.5 G (Diesel) 7 Seater,675000,73000,Diesel,Dealer,Manual,First Owner,12
Honda Amaze S i-Dtech,421000,69000,Diesel,Dealer,Manual,First Owner,11
Maruti SX4 Zxi BSIII,350000,10000,Petrol,Individual,Manual,First Owner,17
Hyundai Accent Executive CNG,140000,110000,CNG,Individual,Manual,First Owner,15
Skoda Octavia Ambiente 1.9 TDI MT,90000,116000,Diesel,Individual,Manual,Second Owner,23
Honda City Edge Edition Diesel SV,830000,40000,Diesel,Individual,Manual,First Owner,7
Maruti Wagon R LXI Minor,180000,30000,Petrol,Individual,Manual,First Owner,16
Maruti Swift Vdi BSIII,210000,109000,Diesel,Individual,Manual,Second Owner,16
Maruti SX4 S Cross DDiS 320 Zeta,700000,90000,Diesel,Individual,Manual,First Owner,8
Tata Indigo LX,125000,120000,Diesel,Individual,Manual,First Owner,13
Hyundai Verna 1.6 VTVT S,530000,64916,Petrol,Individual,Manual,First Owner,8
Ford Ecosport 1.5 DV5 MT Trend,800000,37161,Diesel,Dealer,Manual,First Owner,7
Maruti Baleno Zeta 1.2,580000,15000,Petrol,Individual,Manual,First Owner,9
Audi Q3 2.0 TDI Quattro Premium Plus,1400000,118000,Diesel,Individual,Automatic,Second Owner,13
Renault KWID 1.0 RXL,300000,50852,Petrol,Individual,Manual,First Owner,7
Renault KWID RXT Optional,300000,30000,Petrol,Individual,Manual,First Owner,9
Maruti Ciaz ZDi SHVS,700000,77000,Diesel,Individual,Manual,First Owner,10
Nissan Sunny XL,250000,70000,Petrol,Individual,Manual,Third Owner,13
Chevrolet Tavera Neo 3 9 Str BSIII,500000,120000,Diesel,Individual,Manual,First Owner,9
Honda Accord 2.4 AT,428000,40000,Petrol,Individual,Automatic,Third Owner,16
Tata Harrier XZ BSIV,1400000,33000,Diesel,Individual,Manual,First Owner,6
Hyundai EON Era Plus,219000,53500,Petrol,Individual,Manual,Third Owner,12
Maruti Ertiga SHVS LDI,500000,40000,Diesel,Individual,Manual,First Owner,8
Honda City 1.5 S MT,409999,60000,Petrol,Individual,Manual,First Owner,15
Tata Tigor 1.2 Revotron XZ Option,570000,5000,Petrol,Individual,Manual,First Owner,7
Maruti SX4 Zxi BSIII,160000,80000,Petrol,Individual,Manual,Third Owner,18
Maruti Ciaz ZDi Plus SHVS,749000,51500,Diesel,Individual,Manual,Second Owner,8
Maruti Swift Dzire VDi,300000,120000,Diesel,Individual,Manual,Third Owner,15
Ford EcoSport 1.5 Diesel Titanium Plus BSIV,550000,79800,Diesel,Dealer,Manual,First Owner,11
Ford EcoSport 1.5 Diesel Titanium Plus BSIV,550000,97000,Diesel,Dealer,Manual,Second Owner,10
Ford Ecosport 1.5 Diesel Titanium Plus,1250000,6590,Diesel,Dealer,Manual,First Owner,6
Ford Figo Aspire 1.5 TDCi Titanium,700000,49957,Diesel,Dealer,Manual,First Owner,8
Ford Figo 1.5 Sports Edition MT,600000,43235,Diesel,Dealer,Manual,First Owner,8
Ford EcoSport 1.5 TDCi Titanium Plus BE BSIV,925000,50699,Diesel,Dealer,Manual,First Owner,7
Ford Endeavour 3.2 Titanium AT 4X4,1800000,126000,Diesel,Dealer,Automatic,First Owner,9
Ford Figo Aspire 1.5 TDCi Titanium Plus,459999,140730,Diesel,Dealer,Manual,Second Owner,10
Hyundai i20 Active 1.2 SX,565000,46000,Petrol,Individual,Manual,First Owner,10
Hyundai EON Era Plus,170000,80000,Petrol,Individual,Manual,Third Owner,12
Toyota Qualis FS B3,150000,256000,Diesel,Dealer,Manual,First Owner,24
Mahindra Scorpio VLX 2WD BSIII,295000,120000,Diesel,Individual,Manual,First Owner,17
Hyundai i20 Active 1.4 SX,819999,40000,Diesel,Individual,Manual,First Owner,7
Hyundai Elite i20 Diesel Asta Option,819999,40000,Diesel,Individual,Manual,First Owner,6
Maruti Ritz VXi,320000,40000,Petrol,Individual,Manual,First Owner,10
Ford Ecosport 1.5 DV5 MT Titanium,550000,135000,Diesel,Individual,Manual,Second Owner,10
Mahindra Bolero 2011-2019 SLX,550000,50000,Diesel,Individual,Manual,First Owner,10
Volkswagen Ameo 1.5 TDI Comfortline,590000,98000,Diesel,Individual,Manual,First Owner,8
Honda City i DTec V,950000,50000,Diesel,Individual,Manual,First Owner,8
Honda City i-DTEC VX,1000000,30000,Diesel,Individual,Manual,First Owner,8
Nissan Terrano XE 85 PS,500000,120000,Diesel,Individual,Manual,First Owner,12
Fiat Punto EVO 1.3 Emotion,450000,70000,Diesel,Individual,Manual,First Owner,8
Maruti Swift Dzire VDI Optional,720000,35000,Diesel,Individual,Manual,First Owner,8
Maruti Celerio VDi,390000,70000,Diesel,Individual,Manual,Second Owner,10
Mahindra Thar 4X2,500000,35000,Diesel,Individual,Manual,First Owner,11
Toyota Fortuner 2.7 2WD AT,2500000,70000,Petrol,Individual,Automatic,Second Owner,9
Hyundai i20 1.4 Asta Option,780000,50000,Diesel,Individual,Manual,First Owner,8
Maruti Swift Dzire ZDI,484999,90000,Diesel,Individual,Manual,Second Owner,10
Volkswagen Vento Diesel Highline,420000,90000,Diesel,Individual,Manual,Second Owner,13
Mahindra XUV500 W10 AWD,1225000,70000,Diesel,Individual,Manual,First Owner,10
Tata Indica Vista TDI LX,350000,50000,Diesel,Individual,Manual,Second Owner,10
Mahindra Verito 1.5 D4 BSIV,350000,120000,Diesel,Individual,Manual,Third Owner,10
Toyota Innova 2.5 G (Diesel) 8 Seater BS IV,800000,230000,Diesel,Individual,Manual,First Owner,14
Hyundai Santro Xing XG AT,125000,70000,Petrol,Individual,Automatic,Second Owner,21
Tata Indica V2 DLS BSII,75000,100000,Diesel,Individual,Manual,Third Owner,15
Mahindra KUV 100 G80 K4 Plus,509999,15000,Petrol,Individual,Manual,First Owner,7
Tata Indigo Classic Dicor,215000,80000,Diesel,Individual,Manual,Third Owner,11
Maruti Swift Dzire VDI,480000,101000,Diesel,Dealer,Manual,First Owner,11
Maruti Swift VDI,630000,55000,Diesel,Dealer,Manual,First Owner,9
Honda City 1.5 GXI,190000,115000,Petrol,Dealer,Manual,Second Owner,18
Maruti Swift VDI,500000,100000,Diesel,Dealer,Manual,First Owner,10
Volkswagen Jetta 2.0L TDI Comfortline,850000,52000,Diesel,Dealer,Manual,Second Owner,11
Maruti SX4 ZDI,350000,105000,Diesel,Dealer,Manual,First Owner,14
Renault Duster 85PS Diesel RxE,425000,170000,Diesel,Dealer,Manual,First Owner,12
Maruti Swift VDI BSIV,495000,105000,Diesel,Dealer,Manual,First Owner,10
Maruti Ertiga SHVS VDI,890000,60000,Diesel,Individual,Manual,Second Owner,8
Hyundai Verna CRDi 1.6 AT EX,1100000,25000,Diesel,Individual,Automatic,Second Owner,7
Mahindra XUV500 W8 2WD,650000,218000,Diesel,Individual,Manual,Second Owner,11
Ford Fiesta 1.6 ZXi Duratec,233000,58000,Petrol,Individual,Manual,Third Owner,16
Tata Indigo CS LS (TDI) BS-III,300000,110000,Diesel,Individual,Manual,Second Owner,10
Honda Amaze S Petrol BSIV,614000,1000,Petrol,Individual,Manual,First Owner,5
Hyundai i10 Sportz 1.2,250000,100000,Petrol,Individual,Manual,Second Owner,15
Hyundai i10 Sportz 1.2,250000,110000,Petrol,Individual,Manual,Second Owner,15
Maruti Alto LXi,200000,40000,Petrol,Individual,Manual,First Owner,14
Maruti Wagon R LX Minor,290000,52000,Petrol,Individual,Manual,First Owner,12
Maruti Wagon R LXI BS IV,320000,80000,Petrol,Individual,Manual,Second Owner,12
Hyundai Santro Xing XS eRLX Euro III,145000,52000,Petrol,Individual,Manual,Second Owner,19
Maruti Alto LXI,100000,124000,Petrol,Individual,Manual,Second Owner,20
Fiat Punto 1.3 Emotion,130000,210000,Diesel,Individual,Manual,Second Owner,15
Hyundai Santro AT,145000,66000,Petrol,Individual,Automatic,Second Owner,19
Maruti Alto LX BSIII,110000,120000,Petrol,Individual,Manual,Third Owner,17
Maruti Swift Dzire VDI,680000,40000,Diesel,Individual,Manual,First Owner,6
Maruti 800 Std,37500,90000,Petrol,Individual,Manual,Second Owner,21
Maruti Ritz VDi,200000,120000,Diesel,Individual,Manual,Second Owner,14
Maruti Ertiga 1.5 VDI,1000000,15000,Diesel,Individual,Manual,First Owner,6
Ford Endeavour 2.2 Titanium AT 4X2,2800000,10000,Diesel,Individual,Automatic,First Owner,6
Maruti Swift Dzire VDI,470000,170000,Diesel,Individual,Manual,First Owner,10
Maruti Celerio ZXI,415000,20000,Petrol,Individual,Manual,First Owner,8
Nissan Terrano XL 85 PS,500000,82000,Diesel,Individual,Manual,First Owner,11
Chevrolet Spark 1.0 LT BS3,150000,60000,Petrol,Individual,Manual,Second Owner,12
Maruti Alto STD,95000,50000,Petrol,Individual,Manual,Second Owner,20
Maruti Swift LDI,400000,70000,Diesel,Individual,Manual,First Owner,13
Maruti Alto LX,114999,66782,Petrol,Individual,Manual,Second Owner,17
Maruti Alto LX,75000,130000,Petrol,Individual,Manual,First Owner,19
Hyundai Verna 1.6 SX CRDi (O),500000,120000,Diesel,Individual,Manual,First Owner,12
Maruti 800 AC,195000,75000,Petrol,Individual,Manual,Second Owner,11
Maruti Alto 800 Base,155000,40000,Petrol,Individual,Manual,First Owner,10
Maruti Alto LXi,65000,90000,Petrol,Individual,Manual,Second Owner,25
Honda City 1.5 GXI,65000,150000,Petrol,Individual,Manual,Third Owner,20
Tata Nano XM,190000,60000,Petrol,Individual,Manual,Second Owner,10
Mahindra Verito 1.5 D6 BSIII,200000,112198,Diesel,Individual,Manual,Second Owner,13
Tata Manza Aura Safire BS IV,160000,60000,Petrol,Individual,Manual,Second Owner,15
Tata Indica Vista Aqua 1.4 TDI,150000,130000,Diesel,Individual,Manual,Second Owner,15
Ford EcoSport 1.5 TDCi Titanium BSIV,530000,175000,Diesel,Individual,Manual,Third Owner,10
Mahindra Scorpio S2 7 Seater,750000,120000,Diesel,Individual,Manual,First Owner,10
Maruti Ritz VDi,225000,90000,Diesel,Individual,Manual,Second Owner,13
Toyota Innova 2.5 VX (Diesel) 8 Seater BS IV,600000,170000,Diesel,Individual,Manual,First Owner,13
Hyundai i20 Magna 1.4 CRDi (Diesel),409999,80000,Diesel,Individual,Manual,Second Owner,11
Hyundai i20 Magna 1.4 CRDi,409999,80000,Diesel,Individual,Manual,Second Owner,11
Maruti 800 AC BSIII,110000,83000,Petrol,Individual,Manual,Second Owner,16
Hyundai Creta 1.6 CRDi SX Option,865000,90000,Diesel,Individual,Manual,First Owner,9
Renault KWID RXT,225000,40000,Petrol,Individual,Manual,First Owner,9
